date,samsung,kospi200,dividends yields(annualized),delta_samsung,delta_kospi,vol_samsung,vol_kospi,corr,spot,pnl
2021-04-01,"82,900",419.42,1.84,,,,,,,
2021-04-02,"84,800",423.74,1.84,,,,,,,
2021-04-05,"85,400",424.85,1.84,,,,,,,
2021-04-06,"86,000",425.88,1.84,,,,,,,
2021-04-07,"85,600",426.7,1.84,,,,,,,
2021-04-08,"84,700",426.86,1.84,,,,,,,
2021-04-09,"83,600",424.3,1.84,,,,,,,
2021-04-12,"83,200",424.22,1.84,,,,,,,
2021-04-13,"84,000",429.08,1.84,,,,,,,
2021-04-14,"84,000",430.71,1.84,,,,,,,
2021-04-15,"84,100",432.66,1.84,,,,,,,
2021-04-16,"83,900",432.43,1.84,,,,,,,
2021-04-19,"83,300",431.96,1.84,,,,,,,
2021-04-20,"83,900",434.6,1.84,,,,,,,
2021-04-21,"82,600",426.75,1.84,,,,,,,
2021-04-22,"82,400",427.37,1.84,,,,,,,
2021-04-23,"82,800",428.34,1.84,,,,,,,
2021-04-26,"83,500",432.36,1.84,,,,,,,
2021-04-27,"82,900",432.14,1.84,,,,,,,
2021-04-28,"82,100",427.48,1.84,,,,,,,
2021-04-29,"81,700",426.28,1.84,,,,,,,
2021-04-30,"81,500",422.36,1.84,,,,,,,
2021-05-03,"81,700",420.36,1.84,,,,,,,
2021-05-04,"82,600",423.57,1.84,,,,,,,
2021-05-06,"82,300",426.64,1.84,,,,,,,
2021-05-07,"81,900",428.56,1.84,,,,,,,
2021-05-10,"83,200",435.63,1.84,,,,,,,
2021-05-11,"81,200",428.77,1.84,,,,,,,
2021-05-12,"80,000",421.86,1.84,,,,,,,
2021-05-13,"78,500",416.07,1.84,,,,,,,
2021-05-14,"80,100",420.17,1.84,,,,,,,
2021-05-17,"79,600",418.27,1.84,,,,,,,
2021-05-18,"79,600",423.09,1.84,,,,,,,
2021-05-20,"79,500",421.68,1.84,,,,,,,
2021-05-21,"80,100",422.08,1.84,,,,,,,
2021-05-24,"79,700",420.57,1.84,,,,,,,
2021-05-25,"79,900",424.35,1.84,,,,,,,
2021-05-26,"79,800",423.54,1.84,,,,,,,
2021-05-27,"79,600",423.0,1.84,,,,,,,
2021-05-28,"80,100",425.95,1.84,,,,,,,
2021-05-31,"80,500",427.91,1.84,,,,,,,
2021-06-01,"80,600",430.32,1.84,,,,,,,
2021-06-02,"80,800",430.15,1.84,,,,,,,
2021-06-03,"82,800",433.87,1.84,,,,,,,
2021-06-04,"82,200",432.22,1.84,,,,,,,
2021-06-07,"81,900",433.26,1.84,,,,,,,
2021-06-08,"81,900",432.88,1.84,,,,,,,
2021-06-09,"81,100",428.16,1.84,,,,,,,
2021-06-10,"81,000",429.35,1.84,,,,,,,
2021-06-11,"81,000",432.78,1.84,,,,,,,
2021-06-14,"80,500",433.22,1.84,,,,,,,
2021-06-15,"80,900",434.13,1.84,,,,,,,
2021-06-16,"81,800",436.96,1.84,,,,,,,
2021-06-17,"80,900",434.73,1.84,,,,,,,
2021-06-18,"80,500",435.02,1.84,,,,,,,
2021-06-21,"79,900",431.46,1.84,,,,,,,
2021-06-22,"80,000",434.42,1.84,,,,,,,
2021-06-23,"80,100",436.73,1.84,,,,,,,
2021-06-24,"81,200",438.38,1.84,,,,,,,
2021-06-25,"81,600",440.4,1.84,,,,,,,
2021-06-28,"81,900",439.98,1.84,,,,,,,
2021-06-29,"81,000",437.54,1.84,,,,,,,
2021-06-30,"80,700",438.84,1.84,,,,,,,
2021-07-01,"80,100",436.34,1.84,,,,,,,
2021-07-02,"80,000",436.0,1.84,,,,,,,
2021-07-05,"80,400",437.66,1.84,,,,,,,
2021-07-06,"81,200",439.5,1.84,,,,,,,
2021-07-07,"80,800",436.97,1.84,,,,,,,
2021-07-08,"79,900",432.63,1.84,,,,,,,
2021-07-09,"79,400",427.84,1.84,,,,,,,
2021-07-12,"79,700",431.28,1.84,,,,,,,
2021-07-13,"79,800",434.71,1.84,,,,,,,
2021-07-14,"79,500",433.57,1.84,,,,,,,
2021-07-15,"80,600",436.76,1.84,,,,,,,
2021-07-16,"79,800",434.82,1.84,,,,,,,
2021-07-19,"79,000",429.89,1.84,,,,,,,
2021-07-20,"79,000",428.55,1.84,,,,,,,
2021-07-21,"78,500",426.0,1.84,,,,,,,
2021-07-22,"79,700",431.38,1.84,,,,,,,
2021-07-23,"79,300",431.55,1.84,,,,,,,
2021-07-26,"78,800",427.47,1.84,,,,,,,
2021-07-27,"78,500",428.22,1.84,,,,,,,
2021-07-28,"79,200",429.15,1.84,,,,,,,
2021-07-29,"79,000",429.49,1.84,,,,,,,
2021-07-30,"78,500",423.91,1.84,,,,,,,
2021-08-02,"79,300",426.79,1.84,,,,,,,
2021-08-03,"81,400",429.98,1.84,,,,,,,
2021-08-04,"82,900",436.05,1.84,,,,,,,
2021-08-05,"82,100",434.74,1.84,,,,,,,
2021-08-06,"81,500",433.29,1.84,,,,,,,
2021-08-09,"81,500",431.65,1.84,,,,,,,
2021-08-10,"80,200",428.56,1.84,,,,,,,
2021-08-11,"78,500",424.74,1.84,,,,,,,
2021-08-12,"77,000",422.38,1.84,,,,,,,
2021-08-13,"74,400",416.06,1.84,,,,,,,
2021-08-17,"74,200",411.31,1.84,,,,,,,
2021-08-18,"73,900",413.36,1.84,,,,,,,
2021-08-19,"73,100",404.96,1.84,,,,,,,
2021-08-20,"72,700",400.78,1.84,,,,,,,
2021-08-23,"73,300",404.58,1.84,,,,,,,
2021-08-24,"75,600",412.48,1.84,,,,,,,
2021-08-25,"75,700",413.95,1.84,,,,,,,
2021-08-26,"74,600",410.38,1.84,,,,,,,
2021-08-27,"74,300",410.24,1.84,,,,,,,
2021-08-30,"74,600",411.5,1.84,,,,,,,
2021-08-31,"76,700",419.79,1.84,,,,,,,
2021-09-01,"76,800",419.92,1.84,,,,,,,
2021-09-02,"76,000",415.89,1.84,,,,,,,
2021-09-03,"76,600",419.22,1.84,,,,,,,
2021-09-06,"77,300",420.37,1.84,,,,,,,
2021-09-07,"76,100",417.8,1.84,,,,,,,
2021-09-08,"76,300",414.54,1.84,,,,,,,
2021-09-09,"75,300",407.28,1.84,,,,,,,
2021-09-10,"75,300",408.7,1.84,,,,,,,
2021-09-13,"76,300",409.7,1.84,,,,,,,
2021-09-14,"76,600",412.36,1.84,,,,,,,
2021-09-15,"77,000",412.85,1.84,,,,,,,
2021-09-16,"76,100",409.22,1.84,,,,,,,
2021-09-17,"77,200",410.99,1.84,,,,,,,
2021-09-23,"77,400",410.46,1.84,,,,,,,
2021-09-24,"77,300",409.84,1.84,,,,,,,
2021-09-27,"77,700",410.97,1.84,,,,,,,
2021-09-28,"76,300",406.2,1.84,,,,,,,
2021-09-29,"74,100",400.09,1.84,,,,,,,
2021-09-30,"74,100",401.3,1.84,,,,,,,
2021-10-01,"73,200",394.79,1.84,,,,,,,
2021-10-05,"72,200",388.01,1.84,,,0.2076,0.1474,0.8626,,
2021-10-06,"71,300",381.93,1.84,,,0.2081,0.1579,0.8636,,
2021-10-07,"71,600",388.14,1.84,,,0.2076,0.165,0.8665,,
2021-10-08,"71,500",387.42,1.84,,,0.2019,0.1718,0.8336,,
2021-10-12,"69,000",380.69,1.84,,,0.1959,0.1667,0.8336,,
2021-10-13,"68,800",384.1,1.84,,,0.235,0.1754,0.8497,,
2021-10-14,"69,400",389.59,1.84,,,0.2281,0.1736,0.8216,,
2021-10-15,"70,100",393.19,1.84,,,0.2237,0.1771,0.8188,,
2021-10-18,"70,200",392.02,1.84,,,0.2204,0.1754,0.825,,
2021-10-19,"70,600",395.41,1.84,,,0.2137,0.1704,0.8211,,
2021-10-20,"70,300",393.74,1.84,,,0.2084,0.1686,0.8212,,
2021-10-21,"70,200",393.18,1.84,,,0.2027,0.1643,0.8225,,
2021-10-22,"70,400",393.0,1.84,,,0.1966,0.1594,0.8228,,
2021-10-25,"70,200",395.0,1.84,,,0.191,0.1547,0.8208,,
2021-10-26,"71,100",399.0,1.84,,,0.1854,0.1511,0.8043,,
2021-10-27,"70,100",395.0,1.84,,,0.1865,0.1517,0.8177,,
2021-10-28,"70,700",394.0,1.84,,,0.189,0.1522,0.8309,,
2021-10-29,"69,800",388.0,1.84,,,0.1862,0.1479,0.8039,,
2021-11-01,"69,900",390.0,1.84,,,0.1873,0.1553,0.8178,,
2021-11-02,"71,500",395.0,1.84,,,0.1817,0.1519,0.8143,,
2021-11-03,"70,400",389.0,1.84,,,0.1969,0.1554,0.8328,,
2021-11-04,"70,600",392.0,1.84,,,0.2002,0.162,0.8492,,
2021-11-05,"70,200",390.0,1.84,,,0.1944,0.1599,0.8437,,
2021-11-08,"70,600",390.0,1.84,,,0.1898,0.1563,0.8457,,
2021-11-09,"70,500",390.0,1.84,,,0.1853,0.1515,0.8397,,
2021-11-10,"70,200",386.0,1.84,,,0.1798,0.147,0.8396,,
2021-11-11,"69,900",386.0,1.84,,,0.1753,0.148,0.8303,,
2021-11-12,"70,600",390.0,1.84,,,0.1706,0.1435,0.8263,,
2021-11-15,"71,400",394.0,1.84,,,0.1699,0.1448,0.8362,,
2021-11-16,"71,300",394.0,1.84,,,0.1705,0.1458,0.8474,,
2021-11-17,"70,700",389.0,1.84,,,0.1653,0.1413,0.847,,
2021-11-18,"70,200",387.0,1.84,,,0.1636,0.1458,0.8482,,
2021-11-19,"71,200",391.0,1.84,,,0.161,0.1427,0.8517,,
2021-11-22,"74,900",399.0,1.84,,,0.1655,0.144,0.8639,,
2021-11-23,"75,300",396.0,1.84,,,0.2541,0.1603,0.8561,,
2021-11-24,"74,800",395.0,1.84,,,0.2472,0.1582,0.8227,,
2021-11-25,"73,700",392.0,1.84,,,0.241,0.1537,0.8232,,
2021-11-26,"72,300",385.0,1.84,,,0.2407,0.1519,0.8306,,
2021-11-29,"72,300",382.0,1.84,,,0.245,0.1631,0.8452,,
2021-11-30,"71,300",373.0,1.84,,,0.2375,0.161,0.83,,
2021-12-01,"74,400",383.0,1.84,,,0.2366,0.1816,0.8116,,
2021-12-02,"75,800",390.0,1.84,,,0.2828,0.2039,0.8635,,
2021-12-03,"75,600",392.0,1.84,,,0.2838,0.2099,0.8721,,
2021-12-06,"76,300",393.0,1.84,,,0.2752,0.2044,0.8638,,
2021-12-07,"77,400",396.0,1.84,,,0.2692,0.1985,0.8616,,
2021-12-08,"77,400",397.0,1.84,,,0.2669,0.1947,0.8646,,
2021-12-09,"78,200",401.0,1.84,,,0.2588,0.189,0.8635,,
2021-12-10,"76,900",398.0,1.84,,,0.254,0.1873,0.8668,,
2021-12-13,"76,800",397.0,1.84,,,0.2548,0.184,0.8678,,
2021-12-14,"77,000",395.0,1.84,,,0.2471,0.1786,0.8675,,
2021-12-15,"77,600",396.0,1.84,,,0.2397,0.1743,0.8565,,
2021-12-16,"77,800",398.0,1.84,,,0.2344,0.1693,0.8555,,
2021-12-17,"78,000",399.0,1.84,,,0.2275,0.1653,0.8538,,
2021-12-20,"77,100",391.0,1.84,,,0.2208,0.1605,0.8541,,
2021-12-21,"78,100",394.0,1.84,,,0.2188,0.1745,0.8389,,
2021-12-22,"79,400",396.0,1.84,,,0.2179,0.1717,0.8438,,
2021-12-23,"79,900",398.0,1.84,,,0.2208,0.1676,0.8359,,
2021-12-24,"80,500",401.0,1.84,,,0.2155,0.1637,0.8381,,
2021-12-27,"80,200",399.0,1.84,,,0.2109,0.1614,0.8414,,
2021-12-28,"80,300",401.0,1.84,,,0.205,0.1577,0.8416,,
2021-12-29,"78,800",397.0,1.84,,,0.1989,0.1541,0.8377,,
2021-12-30,"78,300",394.0,1.84,,,0.2062,0.1544,0.8473,,
2022-01-03,"78,600",396.0,2.61,,,0.2015,0.1526,0.8489,,
2022-01-04,"78,700",395.0,2.61,,,0.1959,0.1492,0.849,,
2022-01-05,"77,400",390.0,2.61,,,0.19,0.145,0.845,,
2022-01-06,"76,900",386.0,2.61,,,0.1953,0.1491,0.8621,,
2022-01-07,"78,300",391.0,2.61,,,0.191,0.15,0.8587,,
2022-01-10,"78,000",388.0,2.61,,,0.198,0.1538,0.8747,,
2022-01-11,"78,900",389.0,2.61,,,0.1926,0.1521,0.8701,,
2022-01-12,"78,900",395.0,2.61,,,0.192,0.1478,0.8601,,
2022-01-13,"77,900",393.0,2.61,,,0.1861,0.1552,0.7943,,
2022-01-14,"77,300",387.0,2.61,,,0.1871,0.1517,0.7939,,
2022-01-17,"77,500",384.0,2.61,,,0.184,0.1588,0.7872,,
2022-01-18,"77,000",381.0,2.61,,,0.1786,0.1569,0.7603,,
2022-01-19,"76,300",378.0,2.61,,,0.175,0.1552,0.766,,
2022-01-20,"76,500",380.0,2.61,,,0.1733,0.1535,0.7755,,
2022-01-21,"75,600",376.0,2.61,,,0.1683,0.1503,0.7752,,
2022-01-24,"75,100",371.0,2.61,,,0.1696,0.1514,0.7919,,
2022-01-25,"74,000",362.0,2.61,,,0.1664,0.1557,0.7889,,
2022-01-26,"73,300",361.0,2.61,,,0.1712,0.1787,0.8074,,
2022-01-27,"71,300",349.0,2.61,,,0.1701,0.1735,0.8,,
2022-01-28,"73,300",358.0,2.61,,,0.1969,0.2135,0.8643,,
2022-02-03,"73,300",362.0,2.61,,,0.2191,0.2295,0.8912,,
2022-02-04,"74,000",366.0,2.61,,,0.2124,0.2267,0.8748,,
2022-02-07,"73,000",363.0,2.61,,,0.2093,0.2238,0.879,,
2022-02-08,"73,500",363.0,2.61,,,0.2098,0.2194,0.8779,,
2022-02-09,"74,700",369.0,2.61,,,0.2051,0.2127,0.8709,,
2022-02-10,"75,400",372.0,2.61,,,0.2085,0.2158,0.8823,,
2022-02-11,"74,900",369.0,2.61,,,0.2054,0.2116,0.8851,,
2022-02-14,"73,700",363.0,2.61,,,0.2008,0.2076,0.8871,,
2022-02-15,"73,700",360.0,2.61,,,0.2046,0.2111,0.8975,,
2022-02-16,"74,800",367.0,2.61,,,0.1984,0.2072,0.8865,,
2022-02-17,"75,000",370.0,2.61,,,0.2008,0.2144,0.8959,,
2022-02-18,"74,300",369.0,2.61,,,0.1952,0.2103,0.8923,,
2022-02-21,"74,200",368.0,2.61,,,0.1924,0.2041,0.885,,
2022-02-22,"73,400",364.0,2.61,,,0.1866,0.1982,0.8849,,
2022-02-23,"73,000",364.0,2.61,,,0.1858,0.1969,0.8905,,
2022-02-24,"71,500",355.0,2.61,,,0.1814,0.1908,0.8844,,
2022-02-25,"71,900",358.0,2.61,,,0.1935,0.209,0.9056,,
2022-02-28,"72,100",362.0,2.61,,,0.1891,0.2054,0.9063,,
2022-03-02,"71,700",361.0,2.61,,,0.1834,0.2037,0.8968,,
2022-03-03,"72,900",367.0,2.61,,,0.1792,0.1978,0.8954,,
2022-03-04,"71,500",362.0,2.61,,,0.1852,0.2021,0.9065,,
2022-03-07,"70,100",353.0,2.61,,,0.1948,0.2031,0.9082,,
2022-03-08,"69,500",349.0,2.61,,,0.2041,0.22,0.921,,
2022-03-10,"71,200",358.0,2.61,,,0.2005,0.2178,0.9231,,
2022-03-11,"70,000",355.0,2.61,,,0.2159,0.2332,0.9372,,
2022-03-14,"70,200",355.0,2.61,,,0.2195,0.2285,0.9277,,
2022-03-15,"69,500",351.0,2.61,,,0.2131,0.2215,0.9263,,
2022-03-16,"70,400",356.0,2.61,,,0.2103,0.2192,0.9289,,
2022-03-17,"71,200",361.0,2.61,,,0.2099,0.2195,0.9331,,
2022-03-18,"70,700",362.0,2.61,,,0.2082,0.2197,0.9361,,
2022-03-21,"69,900",359.0,2.61,,,0.2037,0.2132,0.9195,,
2022-03-22,"70,300",362.0,2.61,,,0.2024,0.2092,0.9202,,
2022-03-23,"70,500",365.0,2.61,,,0.1975,0.2054,0.9208,,
2022-03-24,"69,800",363.0,2.61,,,0.1918,0.2017,0.9167,,
2022-03-25,"69,800",362.0,2.61,,,0.19,0.1968,0.9143,,
2022-03-28,"69,700",362.0,2.61,,,0.1842,0.1911,0.9127,,
2022-03-29,"70,200",364.0,2.61,,,0.1786,0.1852,0.9124,,
2022-03-30,"69,900",365.0,2.61,,,0.1754,0.1809,0.9133,,
2022-03-31,"69,600",366.0,2.61,,,0.1709,0.1757,0.9013,,
2022-04-01,"69,100",363.0,2.61,,,0.1666,0.1707,0.8888,,
2022-04-04,"69,300",365.0,2.61,,,0.1641,0.1686,0.892,,
2022-04-05,"69,200",365.0,2.61,,,0.1592,0.1648,0.8916,,
2022-04-06,"68,500",361.0,2.61,,,0.1545,0.1599,0.8911,,
2022-04-07,"68,000",356.0,2.61,,,0.155,0.1608,0.8985,,
2022-04-08,"67,800",356.0,2.61,,,0.1529,0.1651,0.895,,
2022-04-11,"67,900",356.0,2.61,,,0.1486,0.16,0.892,,
2022-04-12,"67,000",352.0,2.61,,,0.1442,0.1551,0.8915,,
2022-04-13,"68,700",359.0,2.61,,,0.1496,0.1567,0.8994,,
2022-04-14,"67,500",357.0,2.61,,,0.1743,0.1701,0.9177,,
2022-04-15,"66,600",354.0,2.61,,,0.1824,0.1664,0.8925,,
2022-04-18,"66,700",354.0,2.61,,,0.1844,0.1646,0.8953,,
2022-04-19,"67,300",357.0,2.61,,,0.1788,0.1595,0.8947,,
2022-04-20,"67,400",358.0,2.61,,,0.1769,0.1581,0.899,,
2022-04-21,"67,700",359.0,2.61,,,0.1716,0.1537,0.8987,,
2022-04-22,"67,000",355.0,2.61,,,0.1672,0.1494,0.899,,
2022-04-25,"66,300",349.0,2.61,,,0.1671,0.1512,0.905,,
2022-04-26,"66,100",351.0,2.61,,,0.1671,0.1609,0.9002,,
2022-04-27,"65,000",346.0,2.61,,,0.1625,0.1576,0.8789,,
2022-04-28,"64,800",350.0,2.61,,,0.1705,0.1627,0.8939,,
2022-04-29,"67,400",355.0,2.61,,,0.1657,0.1639,0.8378,,
2022-05-02,"67,300",354.0,2.61,,,0.2219,0.1683,0.7995,,
2022-05-03,"67,500",353.0,2.61,,,0.2151,0.1635,0.7992,,
2022-05-04,"67,900",354.0,2.61,,,0.209,0.1589,0.7924,,
2022-05-06,"66,500",349.0,2.61,,,0.2039,0.1545,0.7933,,
2022-05-09,"66,100",345.0,2.61,,,0.2136,0.1596,0.8198,,
2022-05-10,"65,700",344.0,2.61,,,0.2084,0.1611,0.8138,,
2022-05-11,"65,700",343.0,2.61,,,0.2034,0.1566,0.8146,,
2022-05-12,"64,900",338.0,2.61,,,0.1972,0.1522,0.8123,,
2022-05-13,"66,500",346.0,2.61,,,0.1971,0.1583,0.8223,,
2022-05-16,"66,300",344.0,2.61,,,0.2132,0.1784,0.8603,,
2022-05-17,"67,600",348.0,2.61,,,0.2071,0.1744,0.8591,,
2022-05-18,"68,100",348.0,2.61,,,0.2145,0.175,0.8675,,
2022-05-19,"67,500",343.0,2.61,,,0.2099,0.1696,0.8594,,
2022-05-20,"68,000",349.0,2.61,,,0.2064,0.1739,0.8557,,
2022-05-23,"67,900",350.0,2.61,,,0.2022,0.1815,0.8391,,
2022-05-24,"66,500",344.0,2.61,,,0.1962,0.1764,0.8353,,
2022-05-25,"66,400",346.0,2.61,,,0.2073,0.1838,0.8581,,
2022-05-26,"65,900",344.0,2.61,,,0.2004,0.1795,0.8475,,
2022-05-27,"66,500",348.0,2.61,,,0.1965,0.1755,0.8505,,
2022-05-30,"67,700",352.0,2.61,,,0.1938,0.176,0.855,,
2022-05-31,"67,400",355.0,2.61,,,0.2004,0.1764,0.8636,,
2022-06-02,"66,700",351.0,2.61,,,0.195,0.1741,0.8276,,
2022-06-03,"66,800",352.0,2.61,,,0.1934,0.1746,0.836,,
2022-06-07,"65,500",346.0,2.61,,,0.1881,0.1697,0.8363,,
2022-06-08,"65,300",346.0,2.61,,,0.1973,0.1775,0.8599,,
2022-06-09,"65,200",347.0,2.61,,,0.1916,0.172,0.858,,
2022-06-10,"63,800",342.0,2.61,,,0.1858,0.1671,0.8535,,
2022-06-13,"62,100",330.0,2.61,,,0.199,0.1716,0.8695,,
2022-06-14,"61,900",328.0,2.61,,,0.2196,0.2167,0.8927,,
2022-06-15,"60,700",322.0,2.61,,,0.2133,0.2115,0.8921,,
2022-06-16,"60,900",322.0,2.61,,,0.2204,0.2172,0.9043,,
2022-06-17,"59,800",320.0,2.61,,,0.214,0.2106,0.9027,,
2022-06-20,"58,700",314.0,2.61,,,0.2193,0.2056,0.8863,,
2022-06-21,"58,500",316.0,2.61,,,0.2245,0.2125,0.8987,,
2022-06-22,"57,600",308.0,2.61,,,0.2181,0.2075,0.8834,,
2022-06-23,"57,400",305.0,2.61,,,0.2199,0.2245,0.883,,
2022-06-24,"58,400",312.0,2.61,,,0.2136,0.2211,0.8789,,
2022-06-27,"58,800",316.0,2.61,,,0.2177,0.2317,0.8906,,
2022-06-28,"59,400",319.0,2.61,,,0.2128,0.23,0.8896,,
2022-06-29,"58,000",313.0,2.61,,,0.21,0.226,0.8928,,
2022-06-30,"57,000",307.0,2.61,,,0.2237,0.2313,0.9023,,
2022-07-01,"56,200",304.0,2.61,,,0.2272,0.2365,0.9114,,
2022-07-04,"57,100",304.0,2.61,,,0.227,0.2325,0.912,,
2022-07-05,"57,200",309.0,2.61,,,0.2287,0.2254,0.8781,,
2022-07-06,"56,400",302.0,2.61,,,0.2218,0.2275,0.8514,,
2022-07-07,"58,200",308.0,2.61,,,0.2219,0.2379,0.8575,,
2022-07-08,"58,700",310.0,2.61,,,0.2474,0.243,0.8632,,
2022-07-11,"58,800",308.0,2.61,,,0.2422,0.237,0.8648,,
2022-07-12,"58,100",305.0,2.61,,,0.2349,0.2311,0.8562,,
2022-07-13,"58,000",307.0,2.61,,,0.2325,0.2273,0.8606,,
2022-07-14,"57,500",305.0,2.61,,,0.2254,0.2218,0.8511,,
2022-07-15,"60,000",308.0,2.61,,,0.2212,0.2165,0.8531,,
2022-07-18,"61,900",315.0,2.61,,,0.2708,0.2134,0.7733,,
2022-07-19,"60,900",314.0,2.61,,,0.2892,0.2246,0.8101,,
2022-07-20,"60,500",316.0,2.61,,,0.2875,0.2181,0.8014,,
2022-07-21,"61,800",320.0,2.61,,,0.2799,0.2129,0.7819,,
2022-07-22,"61,300",317.0,2.61,,,0.2837,0.2121,0.7952,,
2022-07-25,"61,100",318.0,2.61,,,0.2769,0.2089,0.7977,,
2022-07-26,"61,700",320.0,2.61,,,0.2687,0.2029,0.7925,,
2022-07-27,"61,800",320.0,2.61,,,0.2633,0.1982,0.7961,,
2022-07-28,"61,900",322.0,2.61,,,0.2553,0.1922,0.7957,,
2022-07-29,"61,400",323.0,2.61,,,0.2477,0.188,0.7921,,
2022-08-01,"61,300",323.0,2.61,,,0.2422,0.1825,0.7751,,
2022-08-02,"61,700",322.0,2.61,,,0.235,0.1773,0.7751,,
2022-08-03,"61,300",324.0,2.61,,,0.2293,0.1722,0.7609,,
2022-08-04,"61,500",325.0,2.61,,,0.2235,0.1685,0.7314,,
2022-08-05,"61,500",328.0,2.61,,,0.2171,0.1638,0.7327,,
2022-08-08,"60,800",327.0,2.61,,,0.2105,0.1628,0.7149,,
2022-08-09,"60,000",328.0,2.61,,,0.2089,0.1582,0.7123,,
2022-08-10,"59,100",324.0,2.61,,,0.209,0.154,0.6696,,
2022-08-11,"59,900",330.0,2.61,,,0.2109,0.1566,0.6972,,
2022-08-12,"60,200",331.0,2.61,,,0.2111,0.1678,0.7166,,
2022-08-16,"61,000",332.0,2.61,,,0.2056,0.1632,0.7186,,
2022-08-17,"60,400",330.0,2.61,,,0.2058,0.1586,0.7121,,
2022-08-18,"61,500",329.0,2.61,,,0.2033,0.1556,0.7201,,
2022-08-19,"60,900",327.0,2.61,,,0.2091,0.1512,0.6498,,
2022-08-22,"60,000",323.0,2.61,,,0.2063,0.1485,0.66,,
2022-08-23,"59,100",319.0,2.61,,,0.2082,0.1517,0.6893,,
2022-08-24,"59,000",320.0,2.61,,,0.2103,0.1549,0.7162,,
2022-08-25,"59,700",324.0,2.61,,,0.204,0.1507,0.7107,,
2022-08-26,"60,000",324.0,2.61,,,0.2031,0.1541,0.7286,,
2022-08-29,"58,600",316.0,2.61,,,0.1978,0.1492,0.7247,,
2022-08-30,"58,800",319.0,2.61,,,0.2126,0.1743,0.7833,,
2022-08-31,"59,700",323.0,2.61,,,0.2066,0.1729,0.7776,,
2022-09-01,"58,400",315.0,2.61,,,0.2089,0.1746,0.7952,,
2022-09-02,"57,500",313.0,2.61,,,0.2199,0.1953,0.829,,
2022-09-05,"57,100",312.0,2.61,,,0.2216,0.1911,0.8263,,
2022-09-06,"57,100",313.0,2.61,,,0.2164,0.1855,0.8262,,
2022-09-07,"56,000",308.0,2.61,,,0.21,0.1805,0.8245,,
2022-09-08,"55,600",309.0,2.61,,,0.2171,0.1857,0.8448,,
2022-09-13,"58,100",319.0,2.61,,,0.2123,0.1804,0.8262,,
2022-09-14,"56,800",313.0,2.61,,,0.2676,0.2144,0.8879,,
2022-09-15,"56,000",311.0,2.61,,,0.274,0.2206,0.8999,,
2022-09-16,"56,200",309.0,2.61,,,0.2713,0.2153,0.8987,,
2022-09-19,"56,400",306.0,2.61,,,0.2634,0.2102,0.8847,,
2022-09-20,"55,800",308.0,2.61,,,0.2557,0.2073,0.8587,,
2022-09-21,"55,300",305.0,2.61,,,0.2514,0.2026,0.8195,,
2022-09-22,"54,400",302.0,2.61,,,0.2462,0.2001,0.8234,,
2022-09-23,"54,500",298.0,2.61,,,0.2471,0.1977,0.8305,,
2022-09-26,"53,900",290.0,2.61,,,0.2397,0.1986,0.7936,,
2022-09-27,"54,200",290.0,2.61,,,0.2363,0.2197,0.7716,,
2022-09-28,"52,900",283.0,2.61,,,0.2302,0.213,0.7682,,
2022-09-29,"52,600",283.0,2.61,,,0.2423,0.2273,0.8055,,
2022-09-30,"53,100",281.0,2.61,,,0.2359,0.2204,0.802,,
2022-10-04,"55,200",288.0,2.61,,,0.2317,0.2155,0.765,,
2022-10-05,"56,000",289.0,2.61,,,0.2706,0.2298,0.8096,,
2022-10-06,"56,300",291.0,2.61,,,0.2682,0.2232,0.8029,,
2022-10-07,"56,200",290.0,2.61,,,0.2609,0.2181,0.8041,,
2022-10-11,"55,400",285.0,2.61,,,0.253,0.2119,0.8039,,
2022-10-12,"55,800",287.0,2.61,,,0.2516,0.2162,0.8139,,
2022-10-13,"55,200",283.0,2.61,,,0.2455,0.2114,0.8165,,
2022-10-14,"56,300",289.0,2.61,,,0.2418,0.2121,0.8218,,
2022-10-17,"56,600",290.0,2.61,,,0.2467,0.2213,0.8408,,
2022-10-18,"56,500",294.0,2.61,,,0.24,0.2149,0.8412,,
2022-10-19,"55,800",291.0,2.61,,,0.2328,0.2151,0.8074,,
2022-10-20,"55,500",289.0,2.61,,,0.2308,0.2123,0.8148,,
2022-10-21,"55,900",289.0,2.61,,,0.2248,0.2076,0.8165,,
2022-10-24,"57,500",291.0,2.61,,,0.2197,0.2012,0.8098,,
2022-10-25,"57,700",292.0,2.61,,,0.2396,0.1969,0.7756,,
2022-10-26,"59,400",294.0,2.61,,,0.2327,0.1914,0.7765,,
2022-10-27,"59,500",299.0,2.61,,,0.2523,0.1875,0.7507,,
2022-10-28,"57,300",295.0,2.61,,,0.2447,0.1932,0.7149,,
2022-10-31,"59,400",300.0,2.61,,,0.2789,0.1946,0.7275,,
2022-11-01,"60,000",304.0,2.61,,,0.3044,0.1996,0.7606,,
2022-11-02,"59,600",304.0,2.61,,,0.298,0.2003,0.7627,,
2022-11-03,"59,200",302.0,2.61,,,0.2898,0.1941,0.7596,,
2022-11-04,"59,400",304.0,2.61,,,0.2822,0.19,0.7619,,
2022-11-07,"60,200",308.0,2.61,,,0.2739,0.1859,0.7604,,
2022-11-08,"61,800",312.0,2.61,,,0.2707,0.1874,0.7705,,
2022-11-09,"62,000",315.0,2.61,,,0.2815,0.1884,0.7885,,
2022-11-10,"60,400",311.0,2.61,,,0.2732,0.1864,0.781,,
2022-11-11,"62,900",323.0,2.61,,,0.2837,0.1874,0.7981,,
2022-11-14,"61,900",322.0,2.61,,,0.3171,0.2339,0.8511,,
2022-11-15,"62,400",322.0,2.61,,,0.3138,0.2272,0.8436,,
2022-11-16,"62,700",322.0,2.61,,,0.3057,0.2201,0.839,,
2022-11-17,"61,400",317.0,2.61,,,0.297,0.2135,0.8374,,
2022-11-18,"61,800",317.0,2.61,,,0.2992,0.2157,0.8498,,
2022-11-21,"61,400",315.0,2.61,,,0.2912,0.2092,0.8466,,
2022-11-22,"60,600",312.0,2.61,,,0.2835,0.2043,0.8477,,
2022-11-23,"61,000",314.0,2.61,,,0.2795,0.2015,0.853,,
2022-11-24,"61,400",317.0,2.61,,,0.2723,0.197,0.8544,,
2022-11-25,"61,000",316.0,2.61,,,0.2651,0.1945,0.853,,
2022-11-28,"60,100",312.0,2.61,,,0.2583,0.1889,0.8535,,
2022-11-29,"60,600",316.0,2.61,,,0.257,0.1898,0.8615,,
2022-11-30,"62,200",321.0,2.61,,,0.2513,0.1906,0.8584,,
2022-12-01,"62,600",322.0,2.61,,,0.2638,0.1946,0.8728,,
2022-12-02,"60,400",315.0,2.61,,,0.257,0.189,0.8734,,
2022-12-05,"60,300",314.0,2.61,,,0.2854,0.2022,0.8971,,
2022-12-06,"59,200",310.0,2.61,,,0.2768,0.1965,0.8966,,
2022-12-07,"58,900",308.0,2.61,,,0.2777,0.1968,0.9033,,
2022-12-08,"59,200",308.0,2.61,,,0.27,0.1925,0.9027,,
2022-12-09,"60,400",312.0,2.61,,,0.2626,0.1867,0.9002,,
2022-12-12,"59,500",310.0,2.61,,,0.2663,0.1882,0.9075,,
2022-12-13,"59,700",310.0,2.61,,,0.2646,0.1838,0.9071,,
2022-12-14,"60,500",313.0,2.61,,,0.2569,0.1783,0.906,,
2022-12-15,"59,300",308.0,2.61,,,0.2544,0.1767,0.9099,,
2022-12-16,"59,500",307.0,2.61,,,0.2587,0.1824,0.9183,,
2022-12-19,"59,500",307.0,2.61,,,0.2512,0.1774,0.9111,,
2022-12-20,"58,600",304.0,2.61,,,0.2434,0.1719,0.9109,,
2022-12-21,"58,000",303.0,2.61,,,0.2434,0.1712,0.9154,,
2022-12-22,"59,100",307.0,2.61,,,0.2393,0.1663,0.9129,,
2022-12-23,"58,100",302.0,2.61,,,0.2433,0.1692,0.9208,,
2022-12-26,"57,900",302.0,2.61,,,0.245,0.176,0.9243,,
2022-12-27,"58,100",304.0,2.61,,,0.2379,0.1706,0.9229,,
2022-12-28,"56,600",297.0,2.61,,,0.2312,0.1674,0.9194,,
2022-12-29,"55,300",291.0,2.61,,,0.2461,0.1859,0.9324,,
2023-01-02,"55,500",290.0,1.84,,,0.2551,0.1969,0.9408,,
2023-01-03,"55,400",290.0,1.84,,,0.2477,0.1913,0.9328,,
2023-01-04,"57,800",296.0,1.84,,,0.2402,0.1856,0.9323,,
2023-01-05,"58,200",298.0,1.84,,,0.2854,0.1968,0.9298,,
2023-01-06,"59,000",302.0,1.84,,,0.2782,0.1926,0.9302,,
2023-01-09,"60,700",310.0,1.84,,,0.2747,0.1937,0.931,,
2023-01-10,"60,400",310.0,1.84,,,0.2883,0.2135,0.9386,,
2023-01-11,"60,500",310.0,1.84,,,0.2802,0.207,0.9365,,
2023-01-12,"60,500",311.0,1.84,,,0.2717,0.2007,0.9361,,
2023-01-13,"60,800",314.0,1.84,,,0.2635,0.195,0.9343,,
2023-01-16,"61,100",316.0,1.84,,,0.2565,0.1927,0.9279,,
2023-01-17,"61,000",314.0,1.84,,,0.2493,0.1886,0.928,,
2023-01-18,"60,400",312.0,1.84,,,0.2416,0.1844,0.9226,,
2023-01-19,"61,500",314.0,1.84,,,0.2373,0.1805,0.924,,
2023-01-20,"61,800",316.0,1.84,,,0.2406,0.1768,0.9163,,
2023-01-25,"63,400",321.0,1.84,,,0.234,0.1731,0.9154,,
2023-01-26,"63,900",326.0,1.84,,,0.2477,0.1786,0.9251,,
2023-01-27,"64,600",328.0,1.84,,,0.2421,0.1833,0.9084,,
2023-01-30,"63,300",323.0,1.84,,,0.2385,0.1793,0.9096,,
2023-01-31,"61,000",317.0,1.84,,,0.2443,0.1838,0.9191,,
2023-02-01,"61,800",321.0,1.84,,,0.2772,0.1925,0.9235,,
2023-02-02,"63,500",324.0,1.84,,,0.2735,0.1929,0.925,,
2023-02-03,"63,800",326.0,1.84,,,0.2854,0.1905,0.9139,,
2023-02-06,"61,600",319.0,1.84,,,0.2773,0.1863,0.9128,,
2023-02-07,"61,900",321.0,1.84,,,0.3015,0.1993,0.9292,,
2023-02-08,"63,100",326.0,1.84,,,0.2929,0.1948,0.9279,,
2023-02-09,"63,000",325.0,1.84,,,0.2937,0.1982,0.9324,,
2023-02-10,"62,800",324.0,1.84,,,0.2848,0.1925,0.9315,,
2023-02-13,"62,900",322.0,1.84,,,0.2764,0.1871,0.9318,,
2023-02-14,"63,200",323.0,1.84,,,0.268,0.183,0.9203,,
2023-02-15,"62,200",318.0,1.84,,,0.2605,0.1778,0.9207,,
2023-02-16,"63,700",324.0,1.84,,,0.2601,0.1827,0.9226,,
2023-02-17,"62,600",321.0,1.84,,,0.2686,0.1915,0.9321,,
2023-02-20,"62,700",322.0,1.84,,,0.2692,0.1891,0.9332,,
2023-02-21,"62,100",322.0,1.84,,,0.261,0.1838,0.9329,,
2023-02-22,"61,100",316.0,1.84,,,0.2558,0.1782,0.9229,,
2023-02-23,"62,000",319.0,1.84,,,0.2559,0.1876,0.9198,,
2023-02-24,"61,300",317.0,1.84,,,0.2545,0.1855,0.923,,
2023-02-27,"60,500",314.0,1.84,,,0.2507,0.1816,0.924,,
2023-02-28,"60,600",315.0,1.84,,,0.2484,0.1798,0.9272,,
2023-03-02,"60,800",316.0,1.84,,,0.241,0.175,0.9265,,
2023-03-03,"60,500",316.0,1.84,,,0.2339,0.1699,0.9265,,
2023-03-06,"61,500",321.0,1.84,,,0.2276,0.1648,0.9233,,
2023-03-07,"60,700",320.0,1.84,,,0.2298,0.1712,0.9276,,
2023-03-08,"60,300",315.0,1.84,,,0.2285,0.1662,0.9182,,
2023-03-09,"60,100",314.0,1.84,,,0.2229,0.1724,0.8935,,
2023-03-10,"59,500",311.0,1.84,,,0.2165,0.1676,0.8939,,
2023-03-13,"60,000",313.0,1.84,,,0.2136,0.1668,0.8976,,
2023-03-14,"59,000",306.0,1.84,,,0.2096,0.1635,0.8997,,
2023-03-15,"59,800",309.0,1.84,,,0.2139,0.1816,0.898,,
2023-03-16,"59,900",308.0,1.84,,,0.2135,0.1799,0.9025,,
2023-03-17,"61,300",312.0,1.84,,,0.2071,0.1748,0.8973,,
2023-03-20,"60,200",309.0,1.84,,,0.2199,0.1768,0.9012,,
2023-03-21,"60,300",310.0,1.84,,,0.2245,0.1755,0.9029,,
2023-03-22,"61,100",314.0,1.84,,,0.2178,0.1706,0.9021,,
2023-03-23,"62,300",316.0,1.84,,,0.2173,0.1727,0.9078,,
2023-03-24,"63,000",314.0,1.84,,,0.2239,0.1693,0.8946,,
2023-03-27,"62,100",313.0,1.84,,,0.2213,0.166,0.8378,,
2023-03-28,"62,900",316.0,1.84,,,0.2218,0.1616,0.8276,,
2023-03-29,"62,700",317.0,1.84,,,0.2207,0.1608,0.837,,
2023-03-30,"63,200",318.0,1.84,,,0.2144,0.1566,0.8288,,
2023-03-31,"64,000",322.0,1.84,,,0.21,0.1521,0.8286,,
2023-04-03,"63,100",320.0,1.84,,,0.2095,0.1553,0.838,,
2023-04-04,"63,600",322.0,1.84,,,0.2108,0.1527,0.841,,
2023-04-05,"63,900",324.0,1.84,,,0.2063,0.1498,0.8441,,
2023-04-06,"62,300",318.0,1.84,,,0.2008,0.1472,0.8443,,
2023-04-07,"65,000",323.0,1.84,,,0.2182,0.1601,0.8762,,
2023-04-10,"65,700",326.0,1.84,,,0.2683,0.1668,0.8673,,
2023-04-11,"65,900",331.0,1.84,,,0.2634,0.1656,0.8704,,
2023-04-12,"66,000",332.0,1.84,,,0.2557,0.1711,0.8317,,
2023-04-13,"66,100",333.0,1.84,,,0.248,0.1664,0.8312,,
2023-04-14,"65,100",334.0,1.84,,,0.2405,0.1616,0.8305,,
2023-04-17,"65,300",334.0,1.84,,,0.2406,0.1572,0.784,,
2023-04-18,"65,600",334.0,1.84,,,0.2336,0.1524,0.7834,,
2023-04-19,"65,500",334.0,1.84,,,0.2271,0.1477,0.7809,,
2023-04-20,"65,300",333.0,1.84,,,0.2203,0.1432,0.7806,,
2023-04-21,"65,700",331.0,1.84,,,0.2141,0.1393,0.7812,,
2023-04-24,"65,200",329.0,1.84,,,0.2087,0.1371,0.7455,,
2023-04-25,"63,600",324.0,1.84,,,0.2048,0.135,0.7514,,
2023-04-26,"64,100",324.0,1.84,,,0.2206,0.1439,0.7959,,
2023-04-27,"64,600",325.0,1.84,,,0.2164,0.1395,0.7886,,
2023-04-28,"65,500",326.0,1.84,,,0.2119,0.1358,0.7903,,
2023-05-02,"65,700",329.0,1.84,,,0.2121,0.1322,0.7839,,
2023-05-03,"65,400",327.0,1.84,,,0.2059,0.1329,0.7693,,
2023-05-04,"65,100",326.0,1.84,,,0.2005,0.131,0.7698,,
2023-05-08,"65,900",329.0,1.84,,,0.1952,0.1276,0.7717,,
2023-05-09,"65,300",328.0,1.84,,,0.1951,0.1288,0.7868,,
2023-05-10,"64,600",326.0,1.84,,,0.1926,0.1254,0.7874,,
2023-05-11,"64,200",325.0,1.84,,,0.1912,0.1239,0.7956,,
2023-05-12,"64,100",324.0,1.84,,,0.1872,0.1207,0.7983,,
2023-05-15,"64,500",324.0,1.84,,,0.1819,0.1183,0.798,,
2023-05-16,"65,400",325.0,1.84,,,0.1775,0.114,0.7891,,
2023-05-17,"65,000",327.0,1.84,,,0.1803,0.1111,0.7809,,
2023-05-18,"66,200",330.0,1.84,,,0.1764,0.1104,0.7263,,
2023-05-19,"68,400",334.0,1.84,,,0.1854,0.1129,0.7579,,
2023-05-22,"68,500",336.0,1.84,,,0.22,0.1189,0.7958,,
2023-05-23,"68,400",337.0,1.84,,,0.2134,0.1176,0.7852,,
2023-05-24,"68,500",336.0,1.84,,,0.207,0.1147,0.7782,,
2023-05-25,"68,800",335.0,1.84,,,0.2008,0.1117,0.7707,,
2023-05-26,"70,300",337.0,1.84,,,0.1954,0.109,0.7541,,
2023-05-30,"72,300",342.0,1.84,,,0.2072,0.1081,0.7603,,
2023-05-31,"71,400",339.0,1.84,,,0.2286,0.1195,0.8152,,
2023-06-01,"70,900",338.0,1.84,,,0.2269,0.1208,0.8242,,
2023-06-02,"72,200",343.0,1.84,,,0.2218,0.1178,0.8264,,
2023-06-05,"71,700",344.0,1.84,,,0.2262,0.1276,0.8416,,
2023-06-07,"71,000",343.0,1.84,,,0.2213,0.1244,0.8212,,
2023-06-08,"70,900",343.0,1.84,,,0.2176,0.1209,0.8208,,
2023-06-09,"72,000",347.0,1.84,,,0.2111,0.1173,0.8207,,
2023-06-12,"71,000",345.0,1.84,,,0.2132,0.1223,0.8355,,
2023-06-13,"72,000",346.0,1.84,,,0.2137,0.1207,0.8413,,
2023-06-14,"71,900",345.0,1.84,,,0.2143,0.1176,0.8345,,
2023-06-15,"71,500",343.0,1.84,,,0.2078,0.1145,0.8326,,
2023-06-16,"71,800",345.0,1.84,,,0.2026,0.1133,0.8324,,
2023-06-19,"71,200",343.0,1.84,,,0.1971,0.1122,0.8293,,
2023-06-20,"71,400",343.0,1.84,,,0.194,0.1112,0.8347,,
2023-06-21,"70,500",339.0,1.84,,,0.1883,0.1077,0.833,,
2023-06-22,"71,300",341.0,1.84,,,0.1891,0.1139,0.8414,,
2023-06-23,"71,600",338.0,1.84,,,0.1886,0.1128,0.8486,,
2023-06-26,"72,400",340.0,1.84,,,0.1835,0.1146,0.7796,,
2023-06-27,"72,600",340.0,1.84,,,0.1832,0.1135,0.7899,,
2023-06-28,"72,700",338.0,1.84,,,0.1779,0.1101,0.7884,,
2023-06-29,"72,400",336.0,1.84,,,0.1725,0.1091,0.7636,,
2023-06-30,"72,200",338.0,1.84,,,0.168,0.1083,0.763,,
2023-07-03,"73,000",343.0,1.84,,,0.1634,0.1077,0.7304,,
2023-07-04,"73,000",342.0,1.84,,,0.1641,0.119,0.7437,,
2023-07-05,"72,000",339.0,1.84,,,0.1589,0.1157,0.7393,,
2023-07-06,"71,600",336.0,1.84,,,0.1631,0.1173,0.7639,,
2023-07-07,"69,900",332.0,1.84,,,0.1603,0.1191,0.7644,,
2023-07-10,"69,500",331.0,1.84,,,0.1808,0.1243,0.7997,,
2023-07-11,"71,500",337.0,1.84,,,0.1767,0.1211,0.8019,,
2023-07-12,"71,900",339.0,1.84,,,0.204,0.1369,0.8565,,
2023-07-13,"71,900",341.0,1.84,,,0.1987,0.1344,0.8571,,
2023-07-14,"73,400",347.0,1.84,,,0.1927,0.1323,0.8442,,
2023-07-17,"73,300",346.0,1.84,,,0.2033,0.1451,0.8702,,
2023-07-18,"72,000",343.0,1.84,,,0.1972,0.1412,0.8693,,
2023-07-19,"71,700",343.0,1.84,,,0.2035,0.141,0.8752,,
2023-07-20,"71,000",342.0,1.84,,,0.1979,0.1367,0.8721,,
2023-07-21,"70,300",342.0,1.84,,,0.1957,0.133,0.869,,
2023-07-24,"70,400",344.0,1.84,,,0.1936,0.1289,0.8516,,
2023-07-25,"70,000",345.0,1.84,,,0.1877,0.127,0.8428,,
2023-07-26,"69,800",341.0,1.84,,,0.1836,0.1238,0.8225,,
2023-07-27,"71,700",345.0,1.84,,,0.1781,0.1283,0.7894,,
2023-07-28,"70,600",344.0,1.84,,,0.2018,0.1323,0.8121,,
2023-07-31,"69,800",346.0,1.84,,,0.2048,0.1289,0.7992,,
2023-08-01,"71,100",351.0,1.84,,,0.2037,0.127,0.7294,,
2023-08-02,"69,900",344.0,1.84,,,0.2098,0.1351,0.7649,,
2023-08-03,"68,800",342.0,1.84,,,0.2141,0.1526,0.783,,
2023-08-04,"68,300",341.0,1.84,,,0.2163,0.1497,0.785,,
2023-08-07,"68,500",340.0,1.84,,,0.212,0.1457,0.7866,,
2023-08-08,"67,600",338.0,1.84,,,0.2055,0.1416,0.7778,,
2023-08-09,"68,900",342.0,1.84,,,0.2059,0.1392,0.7842,,
2023-08-10,"68,000",340.0,1.84,,,0.2128,0.1424,0.8078,,
2023-08-11,"67,500",339.0,1.84,,,0.2126,0.14,0.8128,,
2023-08-14,"67,300",336.0,1.84,,,0.2081,0.1362,0.8136,,
2023-08-16,"67,000",331.0,1.84,,,0.2021,0.1365,0.8004,,
2023-08-17,"66,700",330.0,1.84,,,0.1967,0.1447,0.7654,,
2023-08-18,"66,300",328.0,1.84,,,0.1916,0.1408,0.7674,,
2023-08-21,"66,600",329.0,1.84,,,0.1872,0.1385,0.7713,,
2023-08-22,"66,600",330.0,1.84,,,0.1822,0.1347,0.773,,
2023-08-23,"67,100",329.0,1.84,,,0.1767,0.1312,0.7698,,
2023-08-24,"68,200",334.0,1.84,,,0.1738,0.1279,0.7406,,
2023-08-25,"67,100",330.0,1.84,,,0.18,0.137,0.7769,,
2023-08-28,"66,800",333.0,1.84,,,0.1856,0.1409,0.8021,,
2023-08-29,"66,800",334.0,1.84,,,0.1808,0.141,0.7491,,
2023-08-30,"67,100",335.0,1.84,,,0.1752,0.1372,0.7463,,
2023-08-31,"66,900",335.0,1.84,,,0.1708,0.1335,0.7485,,
2023-09-01,"71,000",338.0,1.84,,,0.166,0.1295,0.7466,,
2023-09-04,"71,200",341.0,1.84,,,0.2818,0.1303,0.6297,,
2023-09-05,"70,700",340.0,1.84,,,0.2734,0.1308,0.6175,,
2023-09-06,"70,000",338.0,1.84,,,0.2665,0.1275,0.6207,,
2023-09-07,"70,400",337.0,1.84,,,0.2612,0.1256,0.6308,,
2023-09-08,"70,300",336.0,1.84,,,0.2543,0.1224,0.6175,,
2023-09-11,"70,800",338.0,1.84,,,0.2466,0.1192,0.6166,,
2023-09-12,"70,500",336.0,1.84,,,0.2407,0.118,0.6231,,
2023-09-13,"70,900",336.0,1.84,,,0.2339,0.1165,0.6233,,
2023-09-14,"71,700",341.0,1.84,,,0.2278,0.113,0.6202,,
2023-09-15,"72,000",345.0,1.84,,,0.2253,0.1237,0.6293,,
2023-09-18,"70,200",341.0,1.84,,,0.219,0.1282,0.6131,,
2023-09-19,"69,800",339.0,1.84,,,0.2339,0.1323,0.6664,,
2023-09-20,"69,600",339.0,1.84,,,0.2279,0.1303,0.6702,,
2023-09-21,"68,900",333.0,1.84,,,0.2213,0.1263,0.6693,,
2023-09-22,"68,800",332.0,1.84,,,0.2181,0.1408,0.6611,,
2023-09-25,"69,400",332.0,1.84,,,0.2115,0.137,0.6612,,
2023-09-26,"68,600",327.0,1.84,,,0.2078,0.1328,0.6526,,
2023-09-27,"68,400",327.0,1.84,,,0.2065,0.1416,0.6697,,
2023-10-04,"67,500",319.0,1.84,,,0.2005,0.1373,0.6687,,
2023-10-05,"66,700",319.0,1.84,,,0.2011,0.1644,0.674,,
2023-10-06,"66,000",319.0,1.84,,,0.2004,0.1593,0.6556,,
2023-10-10,"66,400",319.0,1.84,,,0.1986,0.1545,0.6414,,
2023-10-11,"68,200",325.0,1.84,,,0.194,0.1498,0.6367,,
2023-10-12,"68,900",329.0,1.84,,,0.215,0.1624,0.715,,
2023-10-13,"68,000",326.0,1.84,,,0.2125,0.1644,0.7262,,
2023-10-16,"67,300",323.0,1.84,,,0.2119,0.1633,0.7404,,
2023-10-17,"69,400",327.0,1.84,,,0.2093,0.1624,0.7508,,
2023-10-18,"70,500",329.0,1.84,,,0.2355,0.1645,0.7668,,
2023-10-19,"69,500",323.0,1.84,,,0.2364,0.1612,0.7707,,
2023-10-20,"68,800",318.0,1.84,,,0.2358,0.1719,0.7788,,
2023-10-23,"68,400",316.0,1.84,,,0.232,0.1774,0.7795,,
2023-10-24,"68,500",318.0,1.84,,,0.226,0.1737,0.782,,
2023-10-25,"68,000",316.0,1.84,,,0.2192,0.1702,0.7773,,
2023-10-26,"66,700",308.0,1.84,,,0.2145,0.1668,0.7816,,
2023-10-27,"67,300",309.0,1.84,,,0.2211,0.19,0.8038,,
2023-10-30,"67,300",309.0,1.84,,,0.2171,0.1847,0.8027,,
2023-10-31,"66,900",306.0,1.84,,,0.2107,0.1791,0.8029,,
2023-11-01,"68,600",310.0,1.84,,,0.2054,0.1777,0.8032,,
2023-11-02,"69,700",315.0,1.84,,,0.2218,0.1795,0.816,,
2023-11-03,"69,600",318.0,1.84,,,0.2238,0.1848,0.8314,,
2023-11-06,"70,900",334.0,1.84,,,0.217,0.183,0.8089,,
2023-11-07,"70,900",327.0,1.84,,,0.2223,0.2606,0.7581,,
2023-11-08,"69,900",324.0,1.84,,,0.2156,0.2657,0.7208,,
2023-11-09,"70,300",325.0,1.84,,,0.2162,0.2601,0.7255,,
2023-11-10,"70,500",324.0,1.84,,,0.2108,0.2525,0.7255,,
2023-11-13,"70,400",323.0,1.84,,,0.2047,0.2451,0.721,,
2023-11-14,"70,800",327.0,1.84,,,0.1985,0.2379,0.7212,,
2023-11-15,"72,200",334.0,1.84,,,0.1937,0.2356,0.7247,,
2023-11-16,"72,800",334.0,1.84,,,0.2026,0.2428,0.7592,,
2023-11-17,"72,500",332.0,1.84,,,0.1991,0.2354,0.7491,,
2023-11-20,"72,700",334.0,1.84,,,0.1937,0.2294,0.7511,,
2023-11-21,"72,800",337.0,1.84,,,0.1882,0.2237,0.7519,,
2023-11-22,"72,800",337.0,1.84,,,0.1827,0.2196,0.7464,,
2023-11-23,"72,400",337.0,1.84,,,0.1768,0.2129,0.7467,,
2023-11-24,"71,700",334.0,1.84,,,0.1728,0.2064,0.741,,
2023-11-27,"71,300",334.0,1.84,,,0.1717,0.2031,0.7498,,
2023-11-28,"72,700",338.0,1.84,,,0.1679,0.1969,0.7434,,
2023-11-29,"72,700",337.0,1.84,,,0.1796,0.1965,0.7543,,
2023-11-30,"72,800",338.0,1.84,,,0.1743,0.1909,0.7533,,
2023-12-01,"72,000",335.0,1.84,,,0.1688,0.1854,0.7534,,
2023-12-04,"72,600",336.0,1.84,,,0.1692,0.183,0.7636,,
2023-12-05,"71,200",333.0,1.84,,,0.1673,0.1779,0.7604,,
2023-12-06,"71,700",333.0,1.84,,,0.1789,0.1759,0.7588,,
2023-12-07,"71,500",333.0,1.84,,,0.1756,0.1706,0.7498,,
2023-12-08,"72,600",337.0,1.84,,,0.1706,0.1654,0.7483,,
2023-12-11,"73,000",338.0,1.84,,,0.1758,0.167,0.7706,,
2023-12-12,"73,500",340.0,1.84,,,0.1717,0.1622,0.7714,,
2023-12-13,"72,800",337.0,1.84,,,0.1686,0.159,0.7764,,
2023-12-14,"73,100",341.0,1.84,,,0.1676,0.1579,0.7873,,
2023-12-15,"73,300",344.0,1.84,,,0.1633,0.1598,0.7787,,
2023-12-18,"72,900",344.0,1.84,,,0.1587,0.1587,0.7732,,
2023-12-19,"73,400",344.0,1.84,,,0.1553,0.1538,0.766,,
2023-12-20,"74,800",350.0,1.84,,,0.1529,0.1491,0.7542,,
2023-12-21,"75,000",349.0,1.84,,,0.1655,0.1595,0.8002,,
2023-12-22,"75,900",349.0,1.84,,,0.1608,0.155,0.7917,,
2023-12-26,"76,600",350.0,1.84,,,0.1626,0.1503,0.7584,,
2023-12-27,"78,000",352.0,1.84,,,0.1617,0.1461,0.7547,,
2023-12-28,"78,500",358.0,1.84,,,0.1718,0.1434,0.7434,,
2024-01-02,"79,600",361.0,2.72,,,0.1684,0.1538,0.7277,,
2024-01-03,"77,000",351.0,2.72,,,0.172,0.1526,0.742,,
2024-01-04,"76,600",348.0,2.72,,,0.2109,0.1839,0.8355,,
2024-01-05,"76,600",347.0,2.72,,,0.2055,0.1815,0.8355,,
2024-01-08,"76,500",346.0,2.72,,,0.1992,0.1762,0.8338,,
2024-01-09,"74,700",344.0,2.72,,,0.1933,0.1712,0.8335,,
2024-01-10,"73,600",341.0,2.72,,,0.209,0.1675,0.8,,
2024-01-11,"73,200",340.0,2.72,,,0.2108,0.166,0.8093,,
2024-01-12,"73,100",338.0,2.72,,,0.2053,0.1613,0.8102,,
2024-01-15,"73,900",339.0,2.72,,,0.1994,0.1582,0.8055,,
2024-01-16,"72,600",335.0,2.72,,,0.1977,0.1537,0.8003,,
2024-01-17,"71,000",326.0,2.72,,,0.2037,0.156,0.8195,,
2024-01-18,"71,700",327.0,2.72,,,0.2157,0.1847,0.8454,,
2024-01-19,"74,700",333.0,2.72,,,0.2125,0.1794,0.8416,,
2024-01-22,"75,100",333.0,2.72,,,0.2606,0.1878,0.8471,,
2024-01-23,"75,200",335.0,2.72,,,0.2534,0.182,0.8442,,
2024-01-24,"74,000",333.0,2.72,,,0.2458,0.178,0.8395,,
2024-01-25,"74,100",334.0,2.72,,,0.2463,0.1741,0.8386,,
2024-01-26,"73,400",334.0,2.72,,,0.2389,0.1692,0.838,,
2024-01-29,"74,400",338.0,2.72,,,0.2345,0.1641,0.8275,,
2024-01-30,"74,300",337.0,2.72,,,0.2334,0.1657,0.837,,
2024-01-31,"72,700",336.0,2.72,,,0.2265,0.1611,0.8365,,
2024-02-01,"73,600",342.0,2.72,,,0.2353,0.1566,0.8047,,
2024-02-02,"75,200",353.0,2.72,,,0.233,0.1667,0.8018,,
2024-02-05,"74,300",349.0,2.72,,,0.241,0.2032,0.8089,,
2024-02-06,"74,400",348.0,2.72,,,0.2382,0.202,0.8169,,
2024-02-07,"75,000",352.0,2.72,,,0.231,0.196,0.814,,
2024-02-08,"74,100",353.0,2.72,,,0.2261,0.1952,0.8165,,
2024-02-13,"75,200",357.0,2.72,,,0.2242,0.1896,0.7848,,
2024-02-14,"74,000",353.0,2.72,,,0.2248,0.1889,0.7973,,
2024-02-15,"73,000",351.0,2.72,,,0.2268,0.1884,0.8096,,
2024-02-16,"72,800",356.0,2.72,,,0.2261,0.1839,0.8095,,
2024-02-19,"73,800",361.0,2.72,,,0.2195,0.1866,0.7583,,
2024-02-20,"73,300",357.0,2.72,,,0.2193,0.1889,0.7742,,
2024-02-21,"73,000",356.0,2.72,,,0.2143,0.1883,0.776,,
2024-02-22,"73,100",358.0,2.72,,,0.2083,0.1828,0.777,,
2024-02-23,"72,900",359.0,2.72,,,0.2021,0.1786,0.7742,,
2024-02-26,"72,800",355.0,2.72,,,0.1962,0.1734,0.7681,,
2024-02-27,"72,900",353.0,2.72,,,0.1903,0.1737,0.7503,,
2024-02-28,"73,200",357.0,2.72,,,0.1846,0.1698,0.7398,,
2024-02-29,"73,400",356.0,2.72,,,0.1797,0.1705,0.7353,,
2024-03-04,"74,900",361.0,2.72,,,0.1746,0.1656,0.7283,,
2024-03-05,"73,700",358.0,2.72,,,0.1866,0.1695,0.7602,,
2024-03-06,"72,900",356.0,2.72,,,0.1915,0.1674,0.7683,,
2024-03-07,"72,200",357.0,2.72,,,0.1904,0.1638,0.772,,
2024-03-08,"73,300",362.0,2.72,,,0.1884,0.1592,0.7411,,
2024-03-11,"72,400",358.0,2.72,,,0.1929,0.1636,0.7648,,
2024-03-12,"73,300",361.0,2.72,,,0.1921,0.1644,0.7824,,
2024-03-13,"74,100",363.0,2.72,,,0.1923,0.1626,0.7923,,
2024-03-14,"74,300",367.0,2.72,,,0.1912,0.1591,0.7955,,
2024-03-15,"72,300",359.0,2.72,,,0.1857,0.16,0.7804,,
2024-03-18,"72,800",361.0,2.72,,,0.2089,0.1772,0.8341,,
2024-03-19,"72,800",357.0,2.72,,,0.2044,0.1732,0.8369,,
2024-03-20,"76,900",363.0,2.72,,,0.1981,0.1734,0.8103,,
2024-03-21,"79,300",374.0,2.72,,,0.2869,0.1802,0.7734,,
2024-03-22,"78,900",373.0,2.72,,,0.3027,0.2098,0.8103,,
2024-03-25,"78,200",371.0,2.72,,,0.2941,0.2037,0.8108,,
2024-03-26,"79,900",375.0,2.72,,,0.2874,0.1986,0.8133,,
2024-03-27,"79,800",374.0,2.72,,,0.2908,0.197,0.8221,,
2024-03-28,"80,800",373.0,2.72,,,0.282,0.1912,0.8217,,
2024-03-29,"82,400",375.0,2.72,,,0.2777,0.1858,0.7979,,
2024-04-01,"82,000",374.0,2.72,,,0.2798,0.1812,0.794,,
2024-04-02,"85,000",376.0,2.72,,,0.2719,0.176,0.7948,,
2024-04-03,"84,100",370.0,2.72,,,0.2984,0.172,0.7536,,
2024-04-04,"85,300",376.0,2.72,,,0.2922,0.178,0.7482,,
2024-04-05,"84,500",372.0,2.72,,,0.2887,0.1838,0.7554,,
2024-04-08,"84,500",373.0,2.72,,,0.2822,0.1828,0.759,,
2024-04-09,"83,600",370.0,2.72,,,0.2736,0.1775,0.7577,,
2024-04-11,"84,100",371.0,2.72,,,0.2685,0.1749,0.7643,,
2024-04-12,"83,700",367.0,2.72,,,0.2615,0.17,0.7656,,
2024-04-15,"82,200",365.0,2.72,,,0.2541,0.1701,0.7575,,
2024-04-16,"80,000",357.0,2.72,,,0.2562,0.1663,0.7576,,
2024-04-17,"78,900",353.0,2.72,,,0.2699,0.1828,0.7992,,
2024-04-18,"79,600",359.0,2.72,,,0.2673,0.1826,0.8083,,
2024-04-19,"77,600",353.0,2.72,,,0.2613,0.1887,0.7971,,
2024-04-22,"76,100",357.0,2.72,,,0.272,0.1944,0.8216,,
2024-04-23,"75,500",356.0,2.72,,,0.2744,0.1935,0.7064,,
2024-04-24,"78,600",364.0,2.72,,,0.2678,0.1879,0.7072,,
2024-04-25,"76,300",357.0,2.72,,,0.3031,0.2016,0.7685,,
2024-04-26,"76,700",361.0,2.72,,,0.3158,0.2095,0.799,,
2024-04-29,"76,700",364.0,2.72,,,0.3069,0.2079,0.7935,,
2024-04-30,"77,500",365.0,2.72,,,0.2975,0.2039,0.7836,,
2024-05-02,"78,000",364.0,2.72,,,0.2912,0.198,0.7823,,
2024-05-03,"77,600",364.0,2.72,,,0.2834,0.1923,0.7732,,
2024-05-07,"81,300",373.0,2.72,,,0.2756,0.1865,0.7713,,
2024-05-08,"81,300",374.0,2.72,,,0.3228,0.2042,0.8261,,
2024-05-09,"79,700",369.0,2.72,,,0.3129,0.1982,0.8248,,
2024-05-10,"79,200",371.0,2.72,,,0.3131,0.1998,0.8348,,
2024-05-13,"78,400",371.0,2.72,,,0.3045,0.1943,0.8194,,
2024-05-14,"78,300",371.0,2.72,,,0.2979,0.1883,0.8128,,
2024-05-16,"78,200",375.0,2.72,,,0.2888,0.1825,0.8126,,
2024-05-17,"77,400",371.0,2.72,,,0.2801,0.1818,0.7868,,
2024-05-20,"78,900",374.0,2.72,,,0.2745,0.1812,0.791,,
2024-05-21,"78,400",372.0,2.72,,,0.2764,0.1785,0.7971,,
2024-05-22,"77,700",371.0,2.72,,,0.2692,0.1744,0.7992,,
2024-05-23,"78,300",372.0,2.72,,,0.2632,0.1692,0.7987,,
2024-05-24,"75,900",366.0,2.72,,,0.2569,0.1644,0.7991,,
2024-05-27,"77,200",371.0,2.72,,,0.277,0.1715,0.8293,,
2024-05-28,"77,600",371.0,2.72,,,0.2765,0.1745,0.8397,,
2024-05-29,"75,200",365.0,2.72,,,0.2689,0.1691,0.8375,,
2024-05-30,"73,500",359.0,2.72,,,0.2879,0.1758,0.8603,,
2024-05-31,"73,500",358.0,2.72,,,0.2929,0.1822,0.8741,,
2024-06-03,"75,700",365.0,2.72,,,0.284,0.177,0.8724,,
2024-06-04,"75,300",363.0,2.72,,,0.2983,0.1874,0.8921,,
2024-06-05,"77,400",366.0,2.72,,,0.2899,0.1829,0.892,,
2024-06-07,"77,300",371.0,2.72,,,0.3007,0.1802,0.8835,,
2024-06-10,"75,700",367.0,2.72,,,0.2916,0.1826,0.8408,,
2024-06-11,"75,200",368.0,2.72,,,0.2942,0.1819,0.85,,
2024-06-12,"76,500",371.0,2.72,,,0.2865,0.1767,0.8397,,
2024-06-13,"78,600",375.0,2.72,,,0.2856,0.1742,0.8452,,
2024-06-14,"79,600",376.0,2.72,,,0.2962,0.174,0.8522,,
2024-06-17,"78,100",374.0,2.72,,,0.2914,0.169,0.8488,,
2024-06-18,"79,800",378.0,2.72,,,0.292,0.1651,0.8464,,
2024-06-19,"81,200",383.0,2.72,,,0.2952,0.1654,0.8568,,
2024-06-20,"81,600",385.0,2.72,,,0.2941,0.1683,0.8643,,
2024-06-21,"80,000",381.0,2.72,,,0.2858,0.1644,0.8639,,
2024-06-24,"80,600",378.0,2.72,,,0.2876,0.1645,0.8727,,
2024-06-25,"80,800",380.0,2.72,,,0.2803,0.1624,0.8328,,
2024-06-26,"81,300",383.0,2.72,,,0.272,0.1588,0.8299,,
2024-06-27,"81,600",382.0,2.72,,,0.2648,0.1571,0.8284,,
2024-06-28,"81,500",384.0,2.72,,,0.2571,0.1525,0.8214,,
2024-07-01,"81,800",384.0,2.72,,,0.2493,0.1492,0.811,,
2024-07-02,"81,800",381.0,2.72,,,0.2422,0.1447,0.8096,,
2024-07-03,"81,800",383.0,2.72,,,0.2348,0.1436,0.7912,,
2024-07-04,"84,600",389.0,2.72,,,0.2276,0.1408,0.7826,,
2024-07-05,"87,100",395.0,2.72,,,0.2566,0.1492,0.8223,,
2024-07-08,"87,400",394.0,2.72,,,0.2735,0.1567,0.8499,,
2024-07-09,"87,800",396.0,2.72,,,0.2653,0.152,0.8436,,
2024-07-10,"87,800",396.0,2.72,,,0.2578,0.1486,0.8433,,
2024-07-11,"87,600",399.0,2.72,,,0.25,0.1441,0.8433,,
2024-07-12,"84,400",392.0,2.72,,,0.2427,0.1428,0.8171,,
2024-07-15,"86,700",394.0,2.72,,,0.2761,0.1546,0.8566,,
2024-07-16,"87,700",395.0,2.72,,,0.2874,0.1512,0.8386,,
2024-07-17,"86,700",392.0,2.72,,,0.2822,0.1469,0.8368,,
2024-07-18,"86,900",389.0,2.72,,,0.2772,0.1455,0.8414,,
2024-07-19,"84,400",384.0,2.72,,,0.2689,0.1442,0.8158,,
2024-07-22,"83,000",380.0,2.72,,,0.2844,0.1488,0.8387,,
2024-07-23,"83,900",382.0,2.72,,,0.2832,0.1496,0.8482,,
2024-07-24,"82,000",379.0,2.72,,,0.2781,0.1466,0.8516,,
2024-07-25,"80,400",371.0,2.72,,,0.2836,0.1453,0.8563,,
2024-07-26,"80,900",374.0,2.72,,,0.2855,0.1635,0.847,,
2024-07-29,"81,200",379.0,2.72,,,0.2779,0.1616,0.8446,,
2024-07-30,"81,000",375.0,2.72,,,0.2697,0.1649,0.8177,,
2024-07-31,"83,900",380.0,2.72,,,0.2617,0.1652,0.8004,,
2024-08-01,"83,100",381.0,2.72,,,0.2883,0.1683,0.8161,,
2024-08-02,"79,600",365.0,2.72,,,0.2819,0.1634,0.799,,
2024-08-05,"71,400",332.0,2.72,,,0.3206,0.2301,0.8477,,
2024-08-06,"72,500",342.0,2.72,,,0.5247,0.4308,0.9493,,
2024-08-07,"74,700",349.0,2.72,,,0.5122,0.4334,0.9397,,
2024-08-08,"73,400",347.0,2.72,,,0.51,0.4274,0.9414,,
2024-08-09,"74,700",352.0,2.72,,,0.4991,0.415,0.9385,,
2024-08-12,"75,500",356.0,2.72,,,0.4887,0.4062,0.9397,,
2024-08-13,"76,100",357.0,2.72,,,0.4756,0.3962,0.94,,
2024-08-14,"77,200",360.0,2.72,,,0.4622,0.3843,0.9395,,
2024-08-16,"80,200",369.0,2.72,,,0.4516,0.374,0.9395,,
2024-08-19,"78,300",366.0,2.72,,,0.4622,0.3751,0.9423,,
2024-08-20,"78,900",369.0,2.72,,,0.4577,0.3651,0.9366,,
2024-08-21,"78,300",368.0,2.72,,,0.4448,0.3554,0.9369,,
2024-08-22,"78,300",369.0,2.72,,,0.4322,0.3447,0.9363,,
2024-08-23,"77,700",368.0,2.72,,,0.4191,0.3344,0.9359,,
2024-08-26,"76,100",366.0,2.72,,,0.4074,0.3243,0.9352,,
2024-08-27,"75,800",365.0,2.72,,,0.4032,0.3152,0.9276,,
2024-08-28,"76,400",365.0,2.72,,,0.3912,0.3058,0.9277,,
2024-08-29,"74,000",360.0,2.72,,,0.3805,0.2964,0.9247,,
2024-08-30,"74,300",362.0,2.72,,,0.3892,0.2924,0.92,,
2024-09-02,"74,400",362.0,2.72,,,0.3777,0.2843,0.9198,,
2024-09-03,"72,500",359.0,2.72,,,0.3663,0.2757,0.9197,,
2024-09-04,"70,000",347.0,2.72,,,0.3691,0.2692,0.9112,,
2024-09-05,"69,000",346.0,2.72,,,0.383,0.2926,0.9205,,
2024-09-06,"68,900",342.0,2.72,,,0.3755,0.2839,0.9154,,
2024-09-09,"67,500",340.0,2.72,,,0.3641,0.2789,0.9058,,
2024-09-10,"66,200",338.0,2.72,,,0.3619,0.2714,0.8989,,
2024-09-11,"64,900",336.0,2.72,,,0.3589,0.2641,0.8937,,
2024-09-12,"66,300",344.0,2.72,,,0.3564,0.2571,0.8884,,
2024-09-13,"64,400",344.0,2.72,,,0.3554,0.2655,0.8913,,
2024-09-19,"63,100",343.0,2.72,,,0.3628,0.2575,0.8471,,
2024-09-20,"63,000",345.0,2.72,,,0.3604,0.2498,0.8353,,
2024-09-23,"62,600",346.0,2.72,,,0.3495,0.2433,0.8298,,
2024-09-24,"63,200",350.0,2.72,,,0.3402,0.2362,0.8232,,
2024-09-25,"62,200",345.0,2.72,,,0.3316,0.2335,0.8246,,
2024-09-26,"64,700",356.0,2.72,,,0.3273,0.233,0.8313,,
2024-09-27,"64,200",354.0,2.72,,,0.3524,0.2567,0.8653,,
2024-09-30,"61,500",345.0,2.72,,,0.343,0.2499,0.8664,,
2024-10-02,"61,300",341.0,2.72,,,0.3721,0.2621,0.8869,,
2024-10-04,"60,600",342.0,2.72,,,0.361,0.2582,0.8787,,
2024-10-07,"61,000",347.0,2.72,,,0.3529,0.2506,0.865,,
2024-10-08,"60,300",344.0,2.72,,,0.3431,0.2494,0.8571,,
2024-10-10,"58,900",345.0,2.72,,,0.3358,0.2441,0.8595,,
2024-10-11,"59,300",345.0,2.72,,,0.338,0.237,0.814,,
2024-10-14,"60,800",350.0,2.72,,,0.3287,0.2298,0.8114,,
2024-10-15,"61,000",351.0,2.72,,,0.3332,0.2297,0.8238,,
2024-10-16,"59,500",347.0,2.72,,,0.3233,0.2229,0.8241,,
2024-10-17,"59,700",348.0,2.72,,,0.3281,0.2207,0.8308,,
2024-10-18,"59,200",345.0,2.72,,,0.3183,0.2143,0.831,,
2024-10-21,"59,000",347.0,2.72,,,0.3103,0.2105,0.8326,,
2024-10-22,"57,700",342.0,2.72,,,0.3012,0.2053,0.822,,
2024-10-23,"59,100",346.0,2.72,,,0.3047,0.207,0.836,,
2024-10-24,"56,600",343.0,2.72,,,0.3097,0.2056,0.8437,,
2024-10-25,"55,900",343.0,2.72,,,0.3441,0.2023,0.8075,,
2024-10-28,"58,100",347.0,2.72,,,0.3372,0.1961,0.7994,,
2024-10-29,"59,600",348.0,2.72,,,0.3597,0.1953,0.8024,,
