date,samsung,kospi200,samsung_dividends yields(annualized),delta_samsung,delta_kospi,vol_samsung,vol_kospi,corr,zero_rate_3M,zero_rate_6M,zero_rate_1Y,zero_rate_2Y,zero_rate_3Y,pnl
2021-04-01,"82,900",419.42,1.84,,,,,,,,,,,
2021-04-02,"84,800",423.74,1.84,,,,,,,,,,,0
2021-04-05,"85,400",424.85,1.84,,,,,,,,,,,0
2021-04-06,"86,000",425.88,1.84,,,,,,,,,,,0
2021-04-07,"85,600",426.7,1.84,,,,,,,,,,,0
2021-04-08,"84,700",426.86,1.84,,,,,,,,,,,0
2021-04-09,"83,600",424.3,1.84,,,,,,,,,,,0
2021-04-12,"83,200",424.22,1.84,,,,,,,,,,,0
2021-04-13,"84,000",429.08,1.84,,,,,,,,,,,0
2021-04-14,"84,000",430.71,1.84,,,,,,,,,,,0
2021-04-15,"84,100",432.66,1.84,,,,,,,,,,,0
2021-04-16,"83,900",432.43,1.84,,,,,,,,,,,0
2021-04-19,"83,300",431.96,1.84,,,,,,,,,,,0
2021-04-20,"83,900",434.6,1.84,,,,,,,,,,,0
2021-04-21,"82,600",426.75,1.84,,,,,,,,,,,0
2021-04-22,"82,400",427.37,1.84,,,,,,,,,,,0
2021-04-23,"82,800",428.34,1.84,,,,,,,,,,,0
2021-04-26,"83,500",432.36,1.84,,,,,,,,,,,0
2021-04-27,"82,900",432.14,1.84,,,,,,,,,,,0
2021-04-28,"82,100",427.48,1.84,,,,,,,,,,,0
2021-04-29,"81,700",426.28,1.84,,,,,,,,,,,0
2021-04-30,"81,500",422.36,1.84,,,,,,,,,,,0
2021-05-03,"81,700",420.36,1.84,,,,,,,,,,,0
2021-05-04,"82,600",423.57,1.84,,,,,,,,,,,0
2021-05-06,"82,300",426.64,1.84,,,,,,,,,,,0
2021-05-07,"81,900",428.56,1.84,,,,,,,,,,,0
2021-05-10,"83,200",435.63,1.84,,,,,,,,,,,0
2021-05-11,"81,200",428.77,1.84,,,,,,,,,,,0
2021-05-12,"80,000",421.86,1.84,,,,,,,,,,,0
2021-05-13,"78,500",416.07,1.84,,,,,,,,,,,0
2021-05-14,"80,100",420.17,1.84,,,,,,,,,,,0
2021-05-17,"79,600",418.27,1.84,,,,,,,,,,,0
2021-05-18,"79,600",423.09,1.84,,,,,,,,,,,0
2021-05-20,"79,500",421.68,1.84,,,,,,,,,,,0
2021-05-21,"80,100",422.08,1.84,,,,,,,,,,,0
2021-05-24,"79,700",420.57,1.84,,,,,,,,,,,0
2021-05-25,"79,900",424.35,1.84,,,,,,,,,,,0
2021-05-26,"79,800",423.54,1.84,,,,,,,,,,,0
2021-05-27,"79,600",423,1.84,,,,,,,,,,,0
2021-05-28,"80,100",425.95,1.84,,,,,,,,,,,0
2021-05-31,"80,500",427.91,1.84,,,,,,,,,,,0
2021-06-01,"80,600",430.32,1.84,,,,,,,,,,,0
2021-06-02,"80,800",430.15,1.84,,,,,,,,,,,0
2021-06-03,"82,800",433.87,1.84,,,,,,,,,,,0
2021-06-04,"82,200",432.22,1.84,,,,,,,,,,,0
2021-06-07,"81,900",433.26,1.84,,,,,,,,,,,0
2021-06-08,"81,900",432.88,1.84,,,,,,,,,,,0
2021-06-09,"81,100",428.16,1.84,,,,,,,,,,,0
2021-06-10,"81,000",429.35,1.84,,,,,,,,,,,0
2021-06-11,"81,000",432.78,1.84,,,,,,,,,,,0
2021-06-14,"80,500",433.22,1.84,,,,,,,,,,,0
2021-06-15,"80,900",434.13,1.84,,,,,,,,,,,0
2021-06-16,"81,800",436.96,1.84,,,,,,,,,,,0
2021-06-17,"80,900",434.73,1.84,,,,,,,,,,,0
2021-06-18,"80,500",435.02,1.84,,,,,,,,,,,0
2021-06-21,"79,900",431.46,1.84,,,,,,,,,,,0
2021-06-22,"80,000",434.42,1.84,,,,,,,,,,,0
2021-06-23,"80,100",436.73,1.84,,,,,,,,,,,0
2021-06-24,"81,200",438.38,1.84,,,,,,,,,,,0
2021-06-25,"81,600",440.4,1.84,,,,,,,,,,,0
2021-06-28,"81,900",439.98,1.84,,,,,,,,,,,0
2021-06-29,"81,000",437.54,1.84,,,,,,,,,,,0
2021-06-30,"80,700",438.84,1.84,,,,,,,,,,,0
2021-07-01,"80,100",436.34,1.84,,,,,,,,,,,0
2021-07-02,"80,000",436,1.84,,,,,,,,,,,0
2021-07-05,"80,400",437.66,1.84,,,,,,,,,,,0
2021-07-06,"81,200",439.5,1.84,,,,,,,,,,,0
2021-07-07,"80,800",436.97,1.84,,,,,,,,,,,0
2021-07-08,"79,900",432.63,1.84,,,,,,,,,,,0
2021-07-09,"79,400",427.84,1.84,,,,,,,,,,,0
2021-07-12,"79,700",431.28,1.84,,,,,,,,,,,0
2021-07-13,"79,800",434.71,1.84,,,,,,,,,,,0
2021-07-14,"79,500",433.57,1.84,,,,,,,,,,,0
2021-07-15,"80,600",436.76,1.84,,,,,,,,,,,0
2021-07-16,"79,800",434.82,1.84,,,,,,,,,,,0
2021-07-19,"79,000",429.89,1.84,,,,,,,,,,,0
2021-07-20,"79,000",428.55,1.84,,,,,,,,,,,0
2021-07-21,"78,500",426,1.84,,,,,,,,,,,0
2021-07-22,"79,700",431.38,1.84,,,,,,,,,,,0
2021-07-23,"79,300",431.55,1.84,,,,,,,,,,,0
2021-07-26,"78,800",427.47,1.84,,,,,,,,,,,0
2021-07-27,"78,500",428.22,1.84,,,,,,,,,,,0
2021-07-28,"79,200",429.15,1.84,,,,,,,,,,,0
2021-07-29,"79,000",429.49,1.84,,,,,,,,,,,0
2021-07-30,"78,500",423.91,1.84,,,,,,,,,,,0
2021-08-02,"79,300",426.79,1.84,,,,,,,,,,,0
2021-08-03,"81,400",429.98,1.84,,,,,,,,,,,0
2021-08-04,"82,900",436.05,1.84,,,,,,,,,,,0
2021-08-05,"82,100",434.74,1.84,,,,,,,,,,,0
2021-08-06,"81,500",433.29,1.84,,,,,,,,,,,0
2021-08-09,"81,500",431.65,1.84,,,,,,,,,,,0
2021-08-10,"80,200",428.56,1.84,,,,,,,,,,,0
2021-08-11,"78,500",424.74,1.84,,,,,,,,,,,0
2021-08-12,"77,000",422.38,1.84,,,,,,,,,,,0
2021-08-13,"74,400",416.06,1.84,,,,,,,,,,,0
2021-08-17,"74,200",411.31,1.84,,,,,,,,,,,0
2021-08-18,"73,900",413.36,1.84,,,,,,,,,,,0
2021-08-19,"73,100",404.96,1.84,,,,,,,,,,,0
2021-08-20,"72,700",400.78,1.84,,,,,,,,,,,0
2021-08-23,"73,300",404.58,1.84,,,,,,,,,,,0
2021-08-24,"75,600",412.48,1.84,,,,,,,,,,,0
2021-08-25,"75,700",413.95,1.84,,,,,,,,,,,0
2021-08-26,"74,600",410.38,1.84,,,,,,,,,,,0
2021-08-27,"74,300",410.24,1.84,,,,,,,,,,,0
2021-08-30,"74,600",411.5,1.84,,,,,,,,,,,0
2021-08-31,"76,700",419.79,1.84,,,,,,,,,,,0
2021-09-01,"76,800",419.92,1.84,,,,,,,,,,,0
2021-09-02,"76,000",415.89,1.84,,,,,,,,,,,0
2021-09-03,"76,600",419.22,1.84,,,,,,,,,,,0
2021-09-06,"77,300",420.37,1.84,,,,,,,,,,,0
2021-09-07,"76,100",417.8,1.84,,,,,,,,,,,0
2021-09-08,"76,300",414.54,1.84,,,,,,,,,,,0
2021-09-09,"75,300",407.28,1.84,,,,,,,,,,,0
2021-09-10,"75,300",408.7,1.84,,,,,,,,,,,0
2021-09-13,"76,300",409.7,1.84,,,,,,,,,,,0
2021-09-14,"76,600",412.36,1.84,,,,,,,,,,,0
2021-09-15,"77,000",412.85,1.84,,,,,,,,,,,0
2021-09-16,"76,100",409.22,1.84,,,,,,,,,,,0
2021-09-17,"77,200",410.99,1.84,,,,,,,,,,,0
2021-09-23,"77,400",410.46,1.84,,,,,,,,,,,0
2021-09-24,"77,300",409.84,1.84,,,,,,,,,,,0
2021-09-27,"77,700",410.97,1.84,,,,,,,,,,,0
2021-09-28,"76,300",406.2,1.84,,,,,,,,,,,0
2021-09-29,"74,100",400.09,1.84,,,,,,,,,,,0
2021-09-30,"74,100",401.3,1.84,,,,,,,,,,,0
2021-10-01,"73,200",394.79,1.84,,,,,,,,,,,0
2021-10-05,"72,200",388.01,1.84,,,0.2076,0.1474,0.8626,,,,,,0
2021-10-06,"71,300",381.93,1.84,,,0.2081,0.1579,0.8636,,,,,,0
2021-10-07,"71,600",388.14,1.84,,,0.2076,0.165,0.8665,,,,,,0
2021-10-08,"71,500",387.42,1.84,,,0.2019,0.1718,0.8336,,,,,,0
2021-10-12,"69,000",380.69,1.84,,,0.1959,0.1667,0.8336,,,,,,0
2021-10-13,"68,800",384.1,1.84,,,0.235,0.1754,0.8497,,,,,,0
2021-10-14,"69,400",389.59,1.84,,,0.2281,0.1736,0.8216,,,,,,0
2021-10-15,"70,100",393.19,1.84,,,0.2237,0.1771,0.8188,,,,,,0
2021-10-18,"70,200",392.02,1.84,,,0.2204,0.1754,0.825,,,,,,0
2021-10-19,"70,600",395.41,1.84,,,0.2137,0.1704,0.8211,,,,,,0
2021-10-20,"70,300",393.74,1.84,,,0.2084,0.1686,0.8212,,,,,,0
2021-10-21,"70,200",393.18,1.84,,,0.2027,0.1643,0.8225,0.8045,0.9621,1.144,1.6035,1.841,0
2021-10-22,"70,400",393,1.84,,,0.1966,0.1594,0.8228,0.8338,0.9861,1.17,1.6426,1.8942,0
2021-10-25,"70,200",395,1.84,,,0.191,0.1547,0.8208,0.8477,0.9995,1.184,1.6506,1.9244,0
2021-10-26,"71,100",399,1.84,,,0.1854,0.1511,0.8043,0.8693,1.0272,1.216,1.6685,1.9525,0
2021-10-27,"70,100",395,1.84,,,0.1865,0.1517,0.8177,0.8938,1.0894,1.299,1.7676,2.0496,0
2021-10-28,"70,700",394,1.84,,,0.189,0.1522,0.8309,1.0326,1.2205,1.32,1.7502,2.0222,0
2021-10-29,"69,800",388,1.84,,,0.1862,0.1479,0.8039,0.982,1.227,1.41,1.8353,2.1083,0
2021-11-01,"69,900",390,1.84,,,0.1873,0.1553,0.8178,0.9775,1.2382,1.471,1.8511,2.113,0
2021-11-02,"71,500",395,1.84,,,0.1817,0.1519,0.8143,0.9485,1.2061,1.456,1.827,2.0424,0
2021-11-03,"70,400",389,1.84,,,0.1969,0.1554,0.8328,0.9209,1.1849,1.438,1.802,2.0406,0
2021-11-04,"70,600",392,1.84,,,0.2002,0.162,0.8492,0.9458,1.2078,1.429,1.8231,2.0445,0
2021-11-05,"70,200",390,1.84,,,0.1944,0.1599,0.8437,0.9475,1.1993,1.397,1.7629,1.948,0
2021-11-08,"70,600",390,1.84,,,0.1898,0.1563,0.8457,0.9422,1.1796,1.37,1.749,1.9097,0
2021-11-09,"70,500",390,1.84,,,0.1853,0.1515,0.8397,0.9453,1.1857,1.332,1.72,1.8686,0
2021-11-10,"70,200",386,1.84,,,0.1798,0.147,0.8396,0.967,1.2052,1.32,1.713,1.8808,0
2021-11-11,"69,900",386,1.84,,,0.1753,0.148,0.8303,0.9809,1.2251,1.317,1.7341,1.917,0
2021-11-12,"70,600",390,1.84,,,0.1706,0.1435,0.8263,1.0092,1.2423,1.314,1.7744,1.9724,0
2021-11-15,"71,400",394,1.84,,,0.1699,0.1448,0.8362,0.9997,1.2307,1.294,1.7463,1.916,0
2021-11-16,"71,300",394,1.84,,,0.1705,0.1458,0.8474,1.0027,1.2262,1.305,1.7875,1.9673,0
2021-11-17,"70,700",389,1.84,,,0.1653,0.1413,0.847,0.9952,1.2061,1.298,1.7906,1.9784,0
2021-11-18,"70,200",387,1.84,,,0.1636,0.1458,0.8482,1.0131,1.1932,1.29,1.7625,1.9574,0
2021-11-19,"71,200",391,1.84,,,0.161,0.1427,0.8517,0.9979,1.1952,1.292,1.7645,1.9706,0
2021-11-22,"74,900",399,1.84,,,0.1655,0.144,0.8639,1.0221,1.2003,1.307,1.8268,2.0227,0
2021-11-23,"75,300",396,1.84,,,0.2541,0.1603,0.8561,1.0446,1.2199,1.318,1.8288,2.0358,0
2021-11-24,"74,800",395,1.84,,,0.2472,0.1582,0.8227,1.0625,1.2299,1.323,1.8186,2.0176,0
2021-11-25,"73,700",392,1.84,,,0.241,0.1537,0.8232,1.0629,1.2211,1.305,1.7493,1.9372,0
2021-11-26,"72,300",385,1.84,,,0.2407,0.1519,0.8306,1.0507,1.2007,1.288,1.693,1.8669,0
2021-11-29,"72,300",382,1.84,,,0.245,0.1631,0.8452,1.053,1.2137,1.297,1.703,1.8475,0
2021-11-30,"71,300",373,1.84,,,0.2375,0.161,0.83,1.0679,1.1967,1.292,1.6718,1.8023,0
2021-12-01,"74,400",383,1.84,,,0.2366,0.1816,0.8116,1.0726,1.213,1.319,1.6999,1.8161,0
2021-12-02,"75,800",390,1.84,,,0.2828,0.2039,0.8635,1.0741,1.2203,1.327,1.7109,1.8484,0
2021-12-03,"75,600",392,1.84,,,0.2838,0.2099,0.8721,1.0979,1.2056,1.343,1.7733,1.9035,0
2021-12-06,"76,300",393,1.84,,,0.2752,0.2044,0.8638,1.0779,1.2071,1.328,1.7451,1.8684,0
2021-12-07,"77,400",396,1.84,,,0.2692,0.1985,0.8616,1.0797,1.1922,1.33,1.7603,1.8753,0
2021-12-08,"77,400",397,1.84,,,0.2669,0.1947,0.8646,1.0909,1.2,1.32,1.723,1.8342,0
2021-12-09,"78,200",401,1.84,,,0.2588,0.189,0.8635,1.0736,1.1859,1.322,1.6999,1.7969,0
2021-12-10,"76,900",398,1.84,,,0.254,0.1873,0.8668,1.1185,1.2081,1.329,1.712,1.8098,0
2021-12-13,"76,800",397,1.84,,,0.2548,0.184,0.8678,1.1129,1.2163,1.328,1.6959,1.7947,0
2021-12-14,"77,000",395,1.84,,,0.2471,0.1786,0.8675,1.097,1.1992,1.322,1.6747,1.7889,0
2021-12-15,"77,600",396,1.84,,,0.2397,0.1743,0.8565,1.1041,1.1922,1.32,1.6879,1.8132,0
2021-12-16,"77,800",398,1.84,,,0.2344,0.1693,0.8555,1.0868,1.1778,1.285,1.6801,1.7707,0
2021-12-17,"78,000",399,1.84,,,0.2275,0.1653,0.8538,1.0824,1.1464,1.276,1.6893,1.7717,0
2021-12-20,"77,100",391,1.84,,,0.2208,0.1605,0.8541,1.0602,1.1377,1.271,1.6621,1.7446,0
2021-12-21,"78,100",394,1.84,,,0.2188,0.1745,0.8389,1.0666,1.1419,1.281,1.6489,1.7243,0
2021-12-22,"79,400",396,1.84,,,0.2179,0.1717,0.8438,1.0645,1.1393,1.301,1.6669,1.7617,0
2021-12-23,"79,900",398,1.84,,,0.2208,0.1676,0.8359,1.075,1.1454,1.328,1.7132,1.8099,0
2021-12-24,"80,500",401,1.84,,,0.2155,0.1637,0.8381,1.0691,1.1552,1.327,1.6798,1.8032,0
2021-12-27,"80,200",399,1.84,,,0.2109,0.1614,0.8414,1.0661,1.1549,1.326,1.6738,1.7808,0
2021-12-28,"80,300",401,1.84,,,0.205,0.1577,0.8416,1.0551,1.1617,1.338,1.6858,1.7908,0
2021-12-29,"78,800",397,1.84,,,0.1989,0.1541,0.8377,1.0682,1.1775,1.338,1.6797,1.7878,0
2021-12-30,"78,300",394,1.84,,,0.2062,0.1544,0.8473,1.1154,1.1812,1.349,1.6786,1.804,0
2022-01-03,"78,600",396,2.61,,,0.2015,0.1526,0.8489,1.0935,1.1906,1.363,1.7138,1.8606,0
2022-01-04,"78,700",395,2.61,,,0.1959,0.1492,0.849,1.0985,1.1991,1.37,1.7208,1.8737,0
2022-01-05,"77,400",390,2.61,,,0.19,0.145,0.845,1.0953,1.203,1.341,1.7958,1.9188,0
2022-01-06,"76,900",386,2.61,,,0.1953,0.1491,0.8621,1.0841,1.1991,1.394,1.8832,2.0194,0
2022-01-07,"78,300",391,2.61,,,0.191,0.15,0.8587,1.0929,1.2045,1.397,1.9004,2.0212,0
2022-01-10,"78,000",388,2.61,,,0.198,0.1538,0.8747,1.1081,1.205,1.417,1.9073,2.0649,0
2022-01-11,"78,900",389,2.61,,,0.1926,0.1521,0.8701,1.132,1.2158,1.417,1.8941,2.0446,0
2022-01-12,"78,900",395,2.61,,,0.192,0.1478,0.8601,1.1616,1.2255,1.404,1.8518,2.0044,0
2022-01-13,"77,900",393,2.61,,,0.1861,0.1552,0.7943,1.1755,1.2698,1.404,1.8123,1.959,0
2022-01-14,"77,300",387,2.61,,,0.1871,0.1517,0.7939,1.2342,1.2999,1.431,1.8848,2.0507,0
2022-01-17,"77,500",384,2.61,,,0.184,0.1588,0.7872,1.2495,1.2963,1.455,1.9815,2.1554,0
2022-01-18,"77,000",381,2.61,,,0.1786,0.1569,0.7603,1.2449,1.2928,1.448,1.9745,2.1341,0
2022-01-19,"76,300",378,2.61,,,0.175,0.1552,0.766,1.2458,1.3003,1.433,1.8938,2.0801,0
2022-01-20,"76,500",380,2.61,,,0.1733,0.1535,0.7755,1.2419,1.2961,1.444,1.9463,2.1263,0
2022-01-21,"75,600",376,2.61,,,0.1683,0.1503,0.7752,1.2336,1.2921,1.443,1.9534,2.1395,0
2022-01-24,"75,100",371,2.61,,,0.1696,0.1514,0.7919,1.2477,1.2896,1.438,1.9241,2.1195,0
2022-01-25,"74,000",362,2.61,,,0.1664,0.1557,0.7889,1.2582,1.2949,1.453,1.9654,2.1821,0
2022-01-26,"73,300",361,2.61,,,0.1712,0.1787,0.8074,1.2686,1.3057,1.455,1.9684,2.1637,0
2022-01-27,"71,300",349,2.61,,,0.1701,0.1735,0.8,1.2749,1.3207,1.473,2.0298,2.225,0
2022-01-28,"73,300",358,2.61,,,0.1969,0.2135,0.8643,1.2669,1.3236,1.463,2.0117,2.1967,0
2022-02-03,"73,300",362,2.61,,,0.2191,0.2295,0.8912,1.2573,1.2999,1.452,1.9745,2.1657,0
2022-02-04,"74,000",366,2.61,,,0.2124,0.2267,0.8748,1.2568,1.3032,1.467,2.0006,2.202,0
2022-02-07,"73,000",363,2.61,,,0.2093,0.2238,0.879,1.2349,1.3025,1.47,2.0511,2.2452,0
2022-02-08,"73,500",363,2.61,,,0.2098,0.2194,0.8779,1.2366,1.2918,1.47,2.1016,2.3119,0
2022-02-09,"74,700",369,2.61,,,0.2051,0.2127,0.8709,1.2242,1.2815,1.46,2.0926,2.2876,0
2022-02-10,"75,400",372,2.61,,,0.2085,0.2158,0.8823,1.2247,1.2787,1.455,2.0896,2.2724,0
2022-02-11,"74,900",369,2.61,,,0.2054,0.2116,0.8851,1.2402,1.2885,1.475,2.1582,2.352,0
2022-02-14,"73,700",363,2.61,,,0.2008,0.2076,0.8871,1.2107,1.3063,1.474,2.1551,2.3561,0
2022-02-15,"73,700",360,2.61,,,0.2046,0.2111,0.8975,1.2124,1.3036,1.483,2.1752,2.3537,0
2022-02-16,"74,800",367,2.61,,,0.1984,0.2072,0.8865,1.2379,1.3244,1.478,2.152,2.3336,0
2022-02-17,"75,000",370,2.61,,,0.2008,0.2144,0.8959,1.2397,1.3346,1.481,2.1216,2.3034,0
2022-02-18,"74,300",369,2.61,,,0.1952,0.2103,0.8923,1.2379,1.3217,1.496,2.1448,2.3306,0
2022-02-21,"74,200",368,2.61,,,0.1924,0.2041,0.885,1.2436,1.3358,1.502,2.1659,2.3721,0
2022-02-22,"73,400",364,2.61,,,0.1866,0.1982,0.8849,1.2376,1.3219,1.492,2.1135,2.3361,0
2022-02-23,"73,000",364,2.61,,,0.1858,0.1969,0.8905,1.2403,1.3272,1.5,2.1003,2.326,0
2022-02-24,"71,500",355,2.61,,,0.1814,0.1908,0.8844,1.2461,1.3264,1.485,2.0237,2.2342,0
2022-02-25,"71,900",358,2.61,,,0.1935,0.209,0.9056,1.2748,1.3417,1.498,2.0296,2.2524,0
2022-02-28,"72,100",362,2.61,,,0.1891,0.2054,0.9063,1.2644,1.3306,1.503,1.9962,2.2508,0
2022-03-02,"71,700",361,2.61,,,0.1834,0.2037,0.8968,1.27,1.3125,1.487,1.9631,2.1952,0
2022-03-03,"72,900",367,2.61,,,0.1792,0.1978,0.8954,1.2726,1.3215,1.512,1.9649,2.2032,0
2022-03-04,"71,500",362,2.61,,,0.1852,0.2021,0.9065,1.2977,1.3236,1.503,1.9629,2.2226,0
2022-03-07,"70,100",353,2.61,,,0.1948,0.2031,0.9082,1.2686,1.3184,1.515,2.0608,2.2968,0
2022-03-08,"69,500",349,2.61,,,0.2041,0.22,0.921,1.2762,1.3139,1.507,2.0366,2.2962,0
2022-03-10,"71,200",358,2.61,,,0.2005,0.2178,0.9231,1.2694,1.3181,1.504,2.1097,2.2749,0
2022-03-11,"70,000",355,2.61,,,0.2159,0.2332,0.9372,1.2688,1.3232,1.546,2.0678,2.2629,0
2022-03-14,"70,200",355,2.61,,,0.2195,0.2285,0.9277,1.2657,1.3208,1.56,2.0657,2.2914,0
2022-03-15,"69,500",351,2.61,,,0.2131,0.2215,0.9263,1.2704,1.3183,1.548,2.0779,2.2934,0
2022-03-16,"70,400",356,2.61,,,0.2103,0.2192,0.9289,1.2772,1.3152,1.539,2.0497,2.2764,0
2022-03-17,"71,200",361,2.61,,,0.2099,0.2195,0.9331,1.2624,1.3127,1.508,2.0156,2.225,0
2022-03-18,"70,700",362,2.61,,,0.2082,0.2197,0.9361,1.2662,1.3172,1.511,2.0418,2.239,0
2022-03-21,"69,900",359,2.61,,,0.2037,0.2132,0.9195,1.2778,1.323,1.523,2.0781,2.2762,0
2022-03-22,"70,300",362,2.61,,,0.2024,0.2092,0.9202,1.313,1.3503,1.569,2.1637,2.4084,0
2022-03-23,"70,500",365,2.61,,,0.1975,0.2054,0.9208,1.3283,1.3988,1.585,2.1776,2.4356,0
2022-03-24,"69,800",363,2.61,,,0.1918,0.2017,0.9167,1.3593,1.4266,1.593,2.1855,2.465,0
2022-03-25,"69,800",362,2.61,,,0.19,0.1968,0.9143,1.387,1.4988,1.632,2.2265,2.5152,0
2022-03-28,"69,700",362,2.61,,,0.1842,0.1911,0.9127,1.4549,1.5737,1.75,2.4579,2.7583,0
2022-03-29,"70,200",364,2.61,,,0.1786,0.1852,0.9124,1.4503,1.5779,1.802,2.4139,2.7106,0
2022-03-30,"69,900",365,2.61,,,0.1754,0.1809,0.9133,1.4502,1.5556,1.792,2.3594,2.6247,0
2022-03-31,"69,600",366,2.61,,,0.1709,0.1757,0.9013,1.4543,1.5912,1.815,2.3793,2.6732,0
2022-04-01,"69,100",363,2.61,,,0.1666,0.1707,0.8888,1.4415,1.6069,1.823,2.4916,2.7952,0
2022-04-04,"69,300",365,2.61,,,0.1641,0.1686,0.892,1.4461,1.6304,1.844,2.5946,2.8478,0
2022-04-05,"69,200",365,2.61,,,0.1592,0.1648,0.8916,1.4649,1.6503,1.852,2.639,2.89,0
2022-04-06,"68,500",361,2.61,,,0.1545,0.1599,0.8911,1.4523,1.6929,1.923,2.7587,2.9512,0
2022-04-07,"68,000",356,2.61,,,0.155,0.1608,0.8985,1.452,1.6879,2.012,2.7285,2.9144,0
2022-04-08,"67,800",356,2.61,,,0.1529,0.1651,0.895,1.5028,1.7505,2.084,2.8137,2.9964,0
2022-04-11,"67,900",356,2.61,,,0.1486,0.16,0.892,1.4961,1.7839,2.223,2.9914,3.1964,0
2022-04-12,"67,000",352,2.61,,,0.1442,0.1551,0.8915,1.5151,1.8417,2.224,3.0034,3.1135,0
2022-04-13,"68,700",359,2.61,,,0.1496,0.1567,0.8994,1.6452,1.8583,2.152,2.8998,3.0091,0
2022-04-14,"67,500",357,2.61,,,0.1743,0.1701,0.9177,1.5801,1.8152,2.076,2.7852,2.8957,0
2022-04-15,"66,600",354,2.61,,,0.1824,0.1664,0.8925,1.6505,1.8378,2.023,2.7826,2.9532,0
2022-04-18,"66,700",354,2.61,,,0.1844,0.1646,0.8953,1.6359,1.8297,2.012,2.8121,2.9998,0
2022-04-19,"67,300",357,2.61,,,0.1788,0.1595,0.8947,1.627,1.8027,1.995,2.7921,2.991,0
2022-04-20,"67,400",358,2.61,,,0.1769,0.1581,0.899,1.6204,1.7947,1.997,2.7678,2.9669,0
2022-04-21,"67,700",359,2.61,,,0.1716,0.1537,0.8987,1.6042,1.7703,1.991,2.7284,2.9368,0
2022-04-22,"67,000",355,2.61,,,0.1672,0.1494,0.899,1.6011,1.7473,1.998,2.773,2.9811,0
2022-04-25,"66,300",349,2.61,,,0.1671,0.1512,0.905,1.5717,1.7328,1.972,2.6832,2.8661,0
2022-04-26,"66,100",351,2.61,,,0.1671,0.1609,0.9002,1.5632,1.7224,1.963,2.6448,2.8392,0
2022-04-27,"65,000",346,2.61,,,0.1625,0.1576,0.8789,1.5315,1.6951,1.958,2.6956,2.909,0
2022-04-28,"64,800",350,2.61,,,0.1705,0.1627,0.8939,1.5249,1.6902,1.96,2.731,2.9351,0
2022-04-29,"67,400",355,2.61,,,0.1657,0.1639,0.8378,1.5362,1.7075,1.97,2.7865,2.9679,0
2022-05-02,"67,300",354,2.61,,,0.2219,0.1683,0.7995,1.5593,1.7151,2.012,2.8995,3.0968,0
2022-05-03,"67,500",353,2.61,,,0.2151,0.1635,0.7992,1.5456,1.7088,2.01,2.9157,3.1507,0
2022-05-04,"67,900",354,2.61,,,0.209,0.1589,0.7924,1.5623,1.7124,2.023,2.9652,3.1898,0
2022-05-06,"66,500",349,2.61,,,0.2039,0.1545,0.7933,1.54,1.7141,2.017,2.9369,3.1576,0
2022-05-09,"66,100",345,2.61,,,0.2136,0.1596,0.8198,1.5011,1.7044,1.989,2.8845,3.0727,0
2022-05-10,"65,700",344,2.61,,,0.2084,0.1611,0.8138,1.5066,1.6932,1.981,2.8634,3.0567,0
2022-05-11,"65,700",343,2.61,,,0.2034,0.1566,0.8146,1.4651,1.6979,1.949,2.7422,2.938,0
2022-05-12,"64,900",338,2.61,,,0.1972,0.1522,0.8123,1.5472,1.7027,1.95,2.7361,2.9095,0
2022-05-13,"66,500",346,2.61,,,0.1971,0.1583,0.8223,1.5739,1.7018,1.954,2.7168,2.921,0
2022-05-16,"66,300",344,2.61,,,0.2132,0.1784,0.8603,1.6584,1.8256,2.041,2.8311,3.0566,0
2022-05-17,"67,600",348,2.61,,,0.2071,0.1744,0.8591,1.6574,1.8256,2.04,2.8159,3.0414,0
2022-05-18,"68,100",348,2.61,,,0.2145,0.175,0.8675,1.6716,1.87,2.078,2.8053,3.0801,0
2022-05-19,"67,500",343,2.61,,,0.2099,0.1696,0.8594,1.6831,1.8762,2.079,2.785,3.0568,0
2022-05-20,"68,000",349,2.61,,,0.2064,0.1739,0.8557,1.7057,1.8901,2.072,2.7446,3.0217,0
2022-05-23,"67,900",350,2.61,,,0.2022,0.1815,0.8391,1.739,1.9098,2.088,2.7676,3.0284,0
2022-05-24,"66,500",344,2.61,,,0.1962,0.1764,0.8353,1.7825,1.9592,2.092,2.727,2.9768,0
2022-05-25,"66,400",346,2.61,,,0.2073,0.1838,0.8581,1.7977,1.9626,2.091,2.7077,2.9556,0
2022-05-26,"65,900",344,2.61,,,0.2004,0.1795,0.8475,1.8263,1.9666,2.129,2.7266,2.9643,0
2022-05-27,"66,500",348,2.61,,,0.1965,0.1755,0.8505,1.8531,2.0246,2.137,2.7001,2.9563,0
2022-05-30,"67,700",352,2.61,,,0.1938,0.176,0.855,1.8726,2.0188,2.131,2.694,2.9513,0
2022-05-31,"67,400",355,2.61,,,0.2004,0.1764,0.8636,1.8374,2.0215,2.163,2.7859,3.0367,0
2022-06-02,"66,700",351,2.61,,,0.195,0.1741,0.8276,1.8076,2.031,2.181,2.8504,3.1358,0
2022-06-03,"66,800",352,2.61,,,0.1934,0.1746,0.836,1.8064,2.0227,2.18,2.8586,3.1316,0
2022-06-07,"65,500",346,2.61,,,0.1881,0.1697,0.8363,1.7935,2.0441,2.222,2.9462,3.2435,0
2022-06-08,"65,300",346,2.61,,,0.1973,0.1775,0.8599,1.797,2.0257,2.226,2.9138,3.2204,0
2022-06-09,"65,200",347,2.61,,,0.1916,0.172,0.858,1.7811,2.0023,2.234,2.8905,3.1819,0
2022-06-10,"63,800",342,2.61,,,0.1858,0.1671,0.8535,1.7988,1.9996,2.29,3.0849,3.2919,0
2022-06-13,"62,100",330,2.61,,,0.199,0.1716,0.8695,1.8237,2.0334,2.416,3.319,3.5328,0
2022-06-14,"61,900",328,2.61,,,0.2196,0.2167,0.8927,1.9019,2.0957,2.451,3.4424,3.5648,0
2022-06-15,"60,700",322,2.61,,,0.2133,0.2115,0.8921,1.884,2.0861,2.541,3.5907,3.6828,0
2022-06-16,"60,900",322,2.61,,,0.2204,0.2172,0.9043,1.9139,2.1457,2.651,3.6409,3.7446,0
2022-06-17,"59,800",320,2.61,,,0.214,0.2106,0.9027,1.9333,2.212,2.819,3.6721,3.7597,0
2022-06-20,"58,700",314,2.61,,,0.2193,0.2056,0.8863,1.9337,2.2212,2.811,3.662,3.6876,0
2022-06-21,"58,500",316,2.61,,,0.2245,0.2125,0.8987,1.8919,2.246,2.834,3.6057,3.6761,0
2022-06-22,"57,600",308,2.61,,,0.2181,0.2075,0.8834,1.8779,2.2522,2.83,3.5,3.5326,0
2022-06-23,"57,400",305,2.61,,,0.2199,0.2245,0.883,1.8492,2.2485,2.836,3.568,3.62,0
2022-06-24,"58,400",312,2.61,,,0.2136,0.2211,0.8789,1.8841,2.2631,2.824,3.4898,3.5339,0
2022-06-27,"58,800",316,2.61,,,0.2177,0.2317,0.8906,1.9518,2.2855,2.876,3.5389,3.5788,0
2022-06-28,"59,400",319,2.61,,,0.2128,0.23,0.8896,1.9619,2.2958,2.878,3.5165,3.5627,0
2022-06-29,"58,000",313,2.61,,,0.21,0.226,0.8928,1.9922,2.3121,2.9,3.5354,3.562,0
2022-06-30,"57,000",307,2.61,,,0.2237,0.2313,0.9023,2.023,2.3556,2.981,3.5129,3.5595,0
2022-07-01,"56,200",304,2.61,,,0.2272,0.2365,0.9114,2.1293,2.4428,2.964,3.4386,3.4463,0
2022-07-04,"57,100",304,2.61,,,0.227,0.2325,0.912,2.0784,2.4444,2.959,3.4437,3.4369,0
2022-07-05,"57,200",309,2.61,,,0.2287,0.2254,0.8781,2.1113,2.4588,2.954,3.336,3.3059,0
2022-07-06,"56,400",302,2.61,,,0.2218,0.2275,0.8514,2.0828,2.4507,2.909,3.2766,3.2435,0
2022-07-07,"58,200",308,2.61,,,0.2219,0.2379,0.8575,2.1171,2.4768,2.92,3.2916,3.2668,0
2022-07-08,"58,700",310,2.61,,,0.2474,0.243,0.8632,2.1585,2.4973,2.959,3.3327,3.3203,0
2022-07-11,"58,800",308,2.61,,,0.2422,0.237,0.8648,2.2895,2.5273,2.974,3.3192,3.3296,0
2022-07-12,"58,100",305,2.61,,,0.2349,0.2311,0.8562,2.453,2.6212,2.984,3.2852,3.2959,0
2022-07-13,"58,000",307,2.61,,,0.2325,0.2273,0.8606,2.4032,2.6079,2.97,3.197,3.2152,0
2022-07-14,"57,500",305,2.61,,,0.2254,0.2218,0.8511,2.4225,2.6019,3.011,3.2402,3.2646,0
2022-07-15,"60,000",308,2.61,,,0.2212,0.2165,0.8531,2.425,2.6176,2.997,3.1864,3.209,0
2022-07-18,"61,900",315,2.61,,,0.2708,0.2134,0.7733,2.3674,2.5742,2.996,3.1937,3.2162,0
2022-07-19,"60,900",314,2.61,,,0.2892,0.2246,0.8101,2.3473,2.6103,2.974,3.1898,3.1957,0
2022-07-20,"60,500",316,2.61,,,0.2875,0.2181,0.8014,2.3527,2.6003,2.985,3.2842,3.3011,0
2022-07-21,"61,800",320,2.61,,,0.2799,0.2129,0.7819,2.368,2.6042,2.973,3.2864,3.2991,0
2022-07-22,"61,300",317,2.61,,,0.2837,0.2121,0.7952,2.3602,2.6266,2.943,3.2196,3.2222,0
2022-07-25,"61,100",318,2.61,,,0.2769,0.2089,0.7977,2.3399,2.597,2.929,3.1792,3.1561,0
2022-07-26,"61,700",320,2.61,,,0.2687,0.2029,0.7925,2.3717,2.6211,2.931,3.1578,3.1234,0
2022-07-27,"61,800",320,2.61,,,0.2633,0.1982,0.7961,2.3606,2.6335,2.932,3.1435,3.0916,0
2022-07-28,"61,900",322,2.61,,,0.2553,0.1922,0.7957,2.3906,2.6489,2.949,3.1574,3.1325,0
2022-07-29,"61,400",323,2.61,,,0.2477,0.188,0.7921,2.3999,2.6542,2.902,3.0554,3.01,0
2022-08-01,"61,300",323,2.61,,,0.2422,0.1825,0.7751,2.4104,2.6562,2.924,3.0967,3.0833,0
2022-08-02,"61,700",322,2.61,,,0.235,0.1773,0.7751,2.4078,2.6703,2.891,3.0229,3.0138,0
2022-08-03,"61,300",324,2.61,,,0.2293,0.1722,0.7609,2.3577,2.6551,2.901,3.0838,3.0673,0
2022-08-04,"61,500",325,2.61,,,0.2235,0.1685,0.7314,2.3565,2.6674,2.892,3.0951,3.1177,0
2022-08-05,"61,500",328,2.61,,,0.2171,0.1638,0.7327,2.3724,2.6903,2.876,3.0647,3.0823,0
2022-08-08,"60,800",327,2.61,,,0.2105,0.1628,0.7149,2.4304,2.7084,2.9,3.1294,3.1375,0
2022-08-09,"60,000",328,2.61,,,0.2089,0.1582,0.7123,2.4394,2.7361,2.899,3.1415,3.1372,0
2022-08-10,"59,100",324,2.61,,,0.209,0.154,0.6696,2.4479,2.7086,2.902,3.1558,3.1576,0
2022-08-11,"59,900",330,2.61,,,0.2109,0.1566,0.6972,2.4355,2.7043,2.894,3.1295,3.1272,0
2022-08-12,"60,200",331,2.61,,,0.2111,0.1678,0.7166,2.4957,2.7341,2.902,3.1648,3.1852,0
2022-08-16,"61,000",332,2.61,,,0.2056,0.1632,0.7186,2.4534,2.7015,2.862,3.0567,3.0815,0
2022-08-17,"60,400",330,2.61,,,0.2058,0.1586,0.7121,2.4904,2.7183,2.882,3.0676,3.0904,0
2022-08-18,"61,500",329,2.61,,,0.2033,0.1556,0.7201,2.5307,2.767,2.887,3.0877,3.129,0
2022-08-19,"60,900",327,2.61,,,0.2091,0.1512,0.6498,2.6079,2.8403,2.925,3.152,3.2015,0
2022-08-22,"60,000",323,2.61,,,0.2063,0.1485,0.66,2.6126,2.8852,2.961,3.2123,3.2494,0
2022-08-23,"59,100",319,2.61,,,0.2082,0.1517,0.6893,2.7047,2.9483,2.99,3.2605,3.2851,0
2022-08-24,"59,000",320,2.61,,,0.2103,0.1549,0.7162,2.7999,2.9848,3.046,3.2881,3.3149,0
2022-08-25,"59,700",324,2.61,,,0.204,0.1507,0.7107,2.8775,3.0327,3.19,3.5392,3.5355,0
2022-08-26,"60,000",324,2.61,,,0.2031,0.1541,0.7286,2.8711,3.0902,3.209,3.5408,3.5289,0
2022-08-29,"58,600",316,2.61,,,0.1978,0.1492,0.7247,2.8785,3.1573,3.272,3.6902,3.6572,0
2022-08-30,"58,800",319,2.61,,,0.2126,0.1743,0.7833,2.7474,3.143,3.244,3.6723,3.6466,0
2022-08-31,"59,700",323,2.61,,,0.2066,0.1729,0.7776,2.7824,3.1179,3.268,3.7351,3.6895,0
2022-09-01,"58,400",315,2.61,,,0.2089,0.1746,0.7952,2.7261,3.0838,3.303,3.7999,3.784,0
2022-09-02,"57,500",313,2.61,,,0.2199,0.1953,0.829,2.6327,3.0353,3.25,3.7031,3.6834,0
2022-09-05,"57,100",312,2.61,,,0.2216,0.1911,0.8263,2.6756,3.0805,3.205,3.6181,3.6214,0
2022-09-06,"57,100",313,2.61,,,0.2164,0.1855,0.8262,2.6346,3.0571,3.242,3.6655,3.6883,0
2022-09-07,"56,000",308,2.61,,,0.21,0.1805,0.8245,2.6824,3.0518,3.232,3.687,3.6911,0
2022-09-08,"55,600",309,2.61,,,0.2171,0.1857,0.8448,2.6557,2.9945,3.144,3.5379,3.5484,0
2022-09-13,"58,100",319,2.61,,,0.2123,0.1804,0.8262,2.6542,2.9929,3.155,3.5475,3.5409,0
2022-09-14,"56,800",313,2.61,,,0.2676,0.2144,0.8879,2.6568,3.0098,3.21,3.6312,3.5892,0
2022-09-15,"56,000",311,2.61,,,0.274,0.2206,0.8999,2.666,3.0462,3.228,3.7214,3.7782,0
2022-09-16,"56,200",309,2.61,,,0.2713,0.2153,0.8987,2.6636,3.0887,3.211,3.7561,3.7745,0
2022-09-19,"56,400",306,2.61,,,0.2634,0.2102,0.8847,2.6535,3.0872,3.194,3.7746,3.766,0
2022-09-20,"55,800",308,2.61,,,0.2557,0.2073,0.8587,2.6494,3.0754,3.167,3.8219,3.8314,0
2022-09-21,"55,300",305,2.61,,,0.2514,0.2026,0.8195,2.6458,3.0966,3.175,3.8706,3.8551,0
2022-09-22,"54,400",302,2.61,,,0.2462,0.2001,0.8234,2.6981,3.1685,3.278,4.0847,4.115,0
2022-09-23,"54,500",298,2.61,,,0.2471,0.1977,0.8305,2.824,3.3033,3.342,4.1952,4.2099,0
2022-09-26,"53,900",290,2.61,,,0.2397,0.1986,0.7936,2.8248,3.3231,3.604,4.5336,4.561,0
2022-09-27,"54,200",290,2.61,,,0.2363,0.2197,0.7716,2.9039,3.3738,3.484,4.3396,4.3138,0
2022-09-28,"52,900",283,2.61,,,0.2302,0.213,0.7682,2.8833,3.3427,3.488,4.3264,4.3493,0
2022-09-29,"52,600",283,2.61,,,0.2423,0.2273,0.8055,2.8594,3.2767,3.454,4.3272,4.3136,0
2022-09-30,"53,100",281,2.61,,,0.2359,0.2204,0.802,2.751,3.2133,3.382,4.2185,4.1958,0
2022-10-04,"55,200",288,2.61,,,0.2317,0.2155,0.765,2.6595,3.145,3.331,4.0891,4.0907,0
2022-10-05,"56,000",289,2.61,,,0.2706,0.2298,0.8096,2.8233,3.1484,3.415,4.1022,4.1682,0
2022-10-06,"56,300",291,2.61,,,0.2682,0.2232,0.8029,2.8958,3.2219,3.43,4.1047,4.1554,0
2022-10-07,"56,200",290,2.61,,,0.2609,0.2181,0.8041,2.9144,3.1536,3.487,4.1938,4.2886,0
2022-10-11,"55,400",285,2.61,,,0.253,0.2119,0.8039,2.9816,3.2291,3.546,4.3179,4.3534,0
2022-10-12,"55,800",287,2.61,,,0.2516,0.2162,0.8139,3.0681,3.2951,3.455,4.1234,4.1152,0
2022-10-13,"55,200",283,2.61,,,0.2455,0.2114,0.8165,3.0737,3.2915,3.543,4.2098,4.2118,0
2022-10-14,"56,300",289,2.61,,,0.2418,0.2121,0.8218,3.1084,3.3406,3.544,4.2208,4.2156,0
2022-10-17,"56,600",290,2.61,,,0.2467,0.2213,0.8408,3.1258,3.3629,3.568,4.2458,4.2478,0
2022-10-18,"56,500",294,2.61,,,0.24,0.2149,0.8412,3.118,3.3466,3.573,4.2387,4.2511,0
2022-10-19,"55,800",291,2.61,,,0.2328,0.2151,0.8074,3.1226,3.3553,3.649,4.3292,4.3404,0
2022-10-20,"55,500",289,2.61,,,0.2308,0.2123,0.8148,3.1234,3.3682,3.674,4.3369,4.3596,0
2022-10-21,"55,900",289,2.61,,,0.2248,0.2076,0.8165,3.157,3.3889,3.801,4.499,4.5048,0
2022-10-24,"57,500",291,2.61,,,0.2197,0.2012,0.8098,3.1922,3.4628,3.736,4.3357,4.3122,0
2022-10-25,"57,700",292,2.61,,,0.2396,0.1969,0.7756,3.166,3.4317,3.71,4.2568,4.2274,0
2022-10-26,"59,400",294,2.61,,,0.2327,0.1914,0.7765,3.1667,3.4207,3.719,4.2628,4.2138,0
2022-10-27,"59,500",299,2.61,,,0.2523,0.1875,0.7507,3.2187,3.4519,3.753,4.2866,4.2604,0
2022-10-28,"57,300",295,2.61,,,0.2447,0.1932,0.7149,3.2092,3.458,3.728,4.1739,4.1162,0
2022-10-31,"59,400",300,2.61,,,0.2789,0.1946,0.7275,3.2517,3.4855,3.783,4.2372,4.1897,0
2022-11-01,"60,000",304,2.61,,,0.3044,0.1996,0.7606,3.2752,3.5181,3.766,4.1029,4.0717,0
2022-11-02,"59,600",304,2.61,,,0.298,0.2003,0.7627,3.2816,3.5478,3.863,4.1737,4.0971,0
2022-11-03,"59,200",302,2.61,,,0.2898,0.1941,0.7596,3.3164,3.6022,3.901,4.2198,4.1607,0
2022-11-04,"59,400",304,2.61,,,0.2822,0.19,0.7619,3.3153,3.6241,3.902,4.1912,4.1199,0
2022-11-07,"60,200",308,2.61,,,0.2739,0.1859,0.7604,3.5581,3.6228,3.93,4.255,4.1886,0
2022-11-08,"61,800",312,2.61,,,0.2707,0.1874,0.7705,3.3402,3.6737,3.93,4.2405,4.1577,0
2022-11-09,"62,000",315,2.61,,,0.2815,0.1884,0.7885,3.3866,3.6651,3.911,4.1726,4.087,0
2022-11-10,"60,400",311,2.61,,,0.2732,0.1864,0.781,3.3696,3.6551,3.905,4.1167,4.0335,0
2022-11-11,"62,900",323,2.61,,,0.2837,0.1874,0.7981,3.4306,3.5809,3.836,3.9042,3.8332,0
2022-11-14,"61,900",322,2.61,,,0.3171,0.2339,0.8511,3.4276,3.6545,3.871,3.9299,3.8487,0
2022-11-15,"62,400",322,2.61,,,0.3138,0.2272,0.8436,3.4657,3.6661,3.831,3.8408,3.7506,0
2022-11-16,"62,700",322,2.61,,,0.3057,0.2201,0.839,3.4539,3.6454,3.84,3.8947,3.8063,0
2022-11-17,"61,400",317,2.61,,,0.297,0.2135,0.8374,3.4967,3.6558,3.835,3.8917,3.8023,0
2022-11-18,"61,800",317,2.61,,,0.2992,0.2157,0.8498,3.5199,3.6807,3.831,3.8601,3.7853,0
2022-11-21,"61,400",315,2.61,,,0.2912,0.2092,0.8466,3.5059,3.6993,3.834,3.8905,3.8363,0
2022-11-22,"60,600",312,2.61,,,0.2835,0.2043,0.8477,3.5532,3.7181,3.844,3.9219,3.8427,0
2022-11-23,"61,000",314,2.61,,,0.2795,0.2015,0.853,3.5701,3.7268,3.84,3.9636,3.847,0
2022-11-24,"61,400",317,2.61,,,0.2723,0.197,0.8544,3.5663,3.6932,3.788,3.8057,3.6856,0
2022-11-25,"61,000",316,2.61,,,0.2651,0.1945,0.853,3.6492,3.7065,3.755,3.7623,3.6403,0
2022-11-28,"60,100",312,2.61,,,0.2583,0.1889,0.8535,3.6852,3.6894,3.748,3.8063,3.6653,0
2022-11-29,"60,600",316,2.61,,,0.257,0.1898,0.8615,3.656,3.6713,3.753,3.8704,3.7198,0
2022-11-30,"62,200",321,2.61,,,0.2513,0.1906,0.8584,3.6763,3.6819,3.725,3.829,3.6857,0
2022-12-01,"62,600",322,2.61,,,0.2638,0.1946,0.8728,3.6629,3.6565,3.702,3.803,3.6463,0
2022-12-02,"60,400",315,2.61,,,0.257,0.189,0.8734,3.6619,3.6398,3.678,3.7789,3.6119,0
2022-12-05,"60,300",314,2.61,,,0.2854,0.2022,0.8971,3.6235,3.6362,3.662,3.7629,3.6052,0
2022-12-06,"59,200",310,2.61,,,0.2768,0.1965,0.8966,3.6613,3.6447,3.663,3.7801,3.6296,0
2022-12-07,"58,900",308,2.61,,,0.2777,0.1968,0.9033,3.6661,3.6366,3.659,3.7955,3.6696,0
2022-12-08,"59,200",308,2.61,,,0.27,0.1925,0.9027,3.6311,3.6533,3.662,3.8015,3.6736,0
2022-12-09,"60,400",312,2.61,,,0.2626,0.1867,0.9002,3.6674,3.7021,3.656,3.7942,3.654,0
2022-12-12,"59,500",310,2.61,,,0.2663,0.1882,0.9075,3.6659,3.6889,3.646,3.7779,3.6181,0
2022-12-13,"59,700",310,2.61,,,0.2646,0.1838,0.9071,3.6662,3.6931,3.649,3.7717,3.6182,0
2022-12-14,"60,500",313,2.61,,,0.2569,0.1783,0.906,3.7338,3.6886,3.622,3.6759,3.5241,0
2022-12-15,"59,300",308,2.61,,,0.2544,0.1767,0.9099,3.7571,3.683,3.64,3.6592,3.5306,0
2022-12-16,"59,500",307,2.61,,,0.2587,0.1824,0.9183,3.7515,3.6922,3.659,3.6691,3.5332,0
2022-12-19,"59,500",307,2.61,,,0.2512,0.1774,0.9111,3.7604,3.7021,3.691,3.6653,3.5391,0
2022-12-20,"58,600",304,2.61,,,0.2434,0.1719,0.9109,3.767,3.7222,3.768,3.7959,3.6806,0
2022-12-21,"58,000",303,2.61,,,0.2434,0.1712,0.9154,3.7718,3.7654,3.751,3.756,3.6327,0
2022-12-22,"59,100",307,2.61,,,0.2393,0.1663,0.9129,3.8241,3.7833,3.742,3.6998,3.5602,0
2022-12-23,"58,100",302,2.61,,,0.2433,0.1692,0.9208,3.8855,3.7494,3.769,3.7425,3.6173,0
2022-12-26,"57,900",302,2.61,,,0.245,0.176,0.9243,3.8723,3.7969,3.794,3.7745,3.6576,0
2022-12-27,"58,100",304,2.61,,,0.2379,0.1706,0.9229,3.7603,3.7807,3.775,3.7606,3.6573,0
2022-12-28,"56,600",297,2.61,,,0.2312,0.1674,0.9194,3.7969,3.7921,3.767,3.7781,3.6631,0
2022-12-29,"55,300",291,2.61,,,0.2461,0.1859,0.9324,3.7422,3.7964,3.777,3.8097,3.7154,0
2023-01-02,"55,500",290,1.84,,,0.2551,0.1969,0.9408,3.7211,3.7829,3.769,3.8498,3.7802,0
2023-01-03,"55,400",290,1.84,,,0.2477,0.1913,0.9328,3.65,3.715,3.705,3.7336,3.6582,0
2023-01-04,"57,800",296,1.84,,,0.2402,0.1856,0.9323,3.6265,3.6597,3.669,3.6895,3.6298,0
2023-01-05,"58,200",298,1.84,,,0.2854,0.1968,0.9298,3.5638,3.5861,3.649,3.6923,3.6428,0
2023-01-06,"59,000",302,1.84,,,0.2782,0.1926,0.9302,3.536,3.6031,3.607,3.7033,3.6816,0
2023-01-09,"60,700",310,1.84,,,0.2747,0.1937,0.931,3.5298,3.5826,3.583,3.583,3.5767,0
2023-01-10,"60,400",310,1.84,,,0.2883,0.2135,0.9386,3.5159,3.5702,3.588,3.5994,3.5543,0
2023-01-11,"60,500",310,1.84,,,0.2802,0.207,0.9365,3.502,3.5566,3.571,3.5322,3.4687,0
2023-01-12,"60,500",311,1.84,,,0.2717,0.2007,0.9361,3.5219,3.5621,3.596,3.5235,3.4623,0
2023-01-13,"60,800",314,1.84,,,0.2635,0.195,0.9343,3.5005,3.5578,3.554,3.4383,3.364,0
2023-01-16,"61,100",316,1.84,,,0.2565,0.1927,0.9279,3.5464,3.5613,3.599,3.4927,3.4506,0
2023-01-17,"61,000",314,1.84,,,0.2493,0.1886,0.928,3.5402,3.5613,3.605,3.5284,3.4809,0
2023-01-18,"60,400",312,1.84,,,0.2416,0.1844,0.9226,3.5392,3.5626,3.572,3.4307,3.3859,0
2023-01-19,"61,500",314,1.84,,,0.2373,0.1805,0.924,3.5141,3.5392,3.532,3.3354,3.2408,0
2023-01-20,"61,800",316,1.84,,,0.2406,0.1768,0.9163,3.5099,3.5262,3.548,3.3925,3.3247,0
2023-01-25,"63,400",321,1.84,,,0.234,0.1731,0.9154,3.5078,3.5472,3.535,3.3783,3.2782,0
2023-01-26,"63,900",326,1.84,,,0.2477,0.1786,0.9251,3.4809,3.5123,3.531,3.3714,3.266,0
2023-01-27,"64,600",328,1.84,,,0.2421,0.1833,0.9084,3.4828,3.4829,3.506,3.4129,3.2977,0
2023-01-30,"63,300",323,1.84,,,0.2385,0.1793,0.9096,3.4712,3.4706,3.472,3.3747,3.2648,0
2023-01-31,"61,000",317,1.84,,,0.2443,0.1838,0.9191,3.4678,3.4691,3.489,3.4492,3.3189,0
2023-02-01,"61,800",321,1.84,,,0.2772,0.1925,0.9235,3.419,3.4359,3.447,3.3938,3.2563,0
2023-02-02,"63,500",324,1.84,,,0.2735,0.1929,0.925,3.3682,3.4117,3.424,3.3104,3.1755,0
2023-02-03,"63,800",326,1.84,,,0.2854,0.1905,0.9139,3.354,3.3794,3.4,3.2363,3.1017,0
2023-02-06,"61,600",319,1.84,,,0.2773,0.1863,0.9128,3.3976,3.3775,3.459,3.4021,3.277,0
2023-02-07,"61,900",321,1.84,,,0.3015,0.1993,0.9292,3.3668,3.4093,3.447,3.44,3.3094,0
2023-02-08,"63,100",326,1.84,,,0.2929,0.1948,0.9279,3.3741,3.3921,3.445,3.432,3.3348,0
2023-02-09,"63,000",325,1.84,,,0.2937,0.1982,0.9324,3.3725,3.3082,3.46,3.4864,3.3982,0
2023-02-10,"62,800",324,1.84,,,0.2848,0.1925,0.9315,3.3788,3.4014,3.451,3.4799,3.395,0
2023-02-13,"62,900",322,1.84,,,0.2764,0.1871,0.9318,3.3993,3.4226,3.478,3.5336,3.4495,0
2023-02-14,"63,200",323,1.84,,,0.268,0.183,0.9203,3.4755,3.4686,3.493,3.5228,3.4254,0
2023-02-15,"62,200",318,1.84,,,0.2605,0.1778,0.9207,3.4924,3.4792,3.546,3.5873,3.4991,0
2023-02-16,"63,700",324,1.84,,,0.2601,0.1827,0.9226,3.4916,3.4952,3.54,3.5996,3.5009,0
2023-02-17,"62,600",321,1.84,,,0.2686,0.1915,0.9321,3.5093,3.534,3.61,3.7261,3.6373,0
2023-02-20,"62,700",322,1.84,,,0.2692,0.1891,0.9332,3.5404,3.5376,3.616,3.7516,3.6762,0
2023-02-21,"62,100",322,1.84,,,0.261,0.1838,0.9329,3.5364,3.5536,3.592,3.7264,3.6207,0
2023-02-22,"61,100",316,1.84,,,0.2558,0.1782,0.9229,3.5204,3.5547,3.607,3.7568,3.6427,0
2023-02-23,"62,000",319,1.84,,,0.2559,0.1876,0.9198,3.5067,3.5505,3.602,3.7047,3.5961,0
2023-02-24,"61,300",317,1.84,,,0.2545,0.1855,0.923,3.5473,3.5549,3.582,3.6753,3.5512,0
2023-02-27,"60,500",314,1.84,,,0.2507,0.1816,0.924,3.5551,3.5618,3.652,3.7815,3.6811,0
2023-02-28,"60,600",315,1.84,,,0.2484,0.1798,0.9272,3.5656,3.5809,3.701,3.9044,3.796,0
2023-03-02,"60,800",316,1.84,,,0.241,0.175,0.9265,3.5788,3.6302,3.74,3.9823,3.8777,0
2023-03-03,"60,500",316,1.84,,,0.2339,0.1699,0.9265,3.5942,3.644,3.707,3.8702,3.7904,0
2023-03-06,"61,500",321,1.84,,,0.2276,0.1648,0.9233,3.5662,3.6147,3.699,3.8541,3.7733,0
2023-03-07,"60,700",320,1.84,,,0.2298,0.1712,0.9276,3.5662,3.5874,3.666,3.8016,3.7251,0
2023-03-08,"60,300",315,1.84,,,0.2285,0.1662,0.9182,3.5478,3.588,3.696,3.9209,3.8562,0
2023-03-09,"60,100",314,1.84,,,0.2229,0.1724,0.8935,3.5541,3.5868,3.692,3.9466,3.8586,0
2023-03-10,"59,500",311,1.84,,,0.2165,0.1676,0.8939,3.5382,3.579,3.651,3.7604,3.7025,0
2023-03-13,"60,000",313,1.84,,,0.2136,0.1668,0.8976,3.5099,3.5204,3.538,3.4851,3.4319,0
2023-03-14,"59,000",306,1.84,,,0.2096,0.1635,0.8997,3.4509,3.3905,3.484,3.4243,3.3784,0
2023-03-15,"59,800",309,1.84,,,0.2139,0.1816,0.898,3.4394,3.435,3.469,3.5242,3.4717,0
2023-03-16,"59,900",308,1.84,,,0.2135,0.1799,0.9025,3.3747,3.4038,3.385,3.4481,3.3988,0
2023-03-17,"61,300",312,1.84,,,0.2071,0.1748,0.8973,3.4502,3.4216,3.355,3.4729,3.4141,0
2023-03-20,"60,200",309,1.84,,,0.2199,0.1768,0.9012,3.4229,3.4144,3.296,3.3505,3.2606,0
2023-03-21,"60,300",310,1.84,,,0.2245,0.1755,0.9029,3.3804,3.3412,3.301,3.3803,3.2913,0
2023-03-22,"61,100",314,1.84,,,0.2178,0.1706,0.9021,3.3645,3.3515,3.292,3.3712,3.2812,0
2023-03-23,"62,300",316,1.84,,,0.2173,0.1727,0.9078,3.3812,3.3535,3.29,3.2897,3.202,0
2023-03-24,"63,000",314,1.84,,,0.2239,0.1693,0.8946,3.3648,3.3617,3.285,3.248,3.1552,0
2023-03-27,"62,100",313,1.84,,,0.2213,0.166,0.8378,3.3297,3.3267,3.29,3.3133,3.2161,0
2023-03-28,"62,900",316,1.84,,,0.2218,0.1616,0.8276,3.3162,3.3184,3.288,3.3521,3.2547,0
2023-03-29,"62,700",317,1.84,,,0.2207,0.1608,0.837,3.2956,3.2806,3.287,3.3421,3.2458,0
2023-03-30,"63,200",318,1.84,,,0.2144,0.1566,0.8288,3.2792,3.2778,3.269,3.3087,3.2375,0
2023-03-31,"64,000",322,1.84,,,0.21,0.1521,0.8286,3.2048,3.2616,3.274,3.3423,3.2679,0
2023-04-03,"63,100",320,1.84,,,0.2095,0.1553,0.838,3.2174,3.2486,3.308,3.4,3.3411,0
2023-04-04,"63,600",322,1.84,,,0.2108,0.1527,0.841,3.2155,3.2348,3.281,3.3373,3.2775,0
2023-04-05,"63,900",324,1.84,,,0.2063,0.1498,0.8441,3.1986,3.2172,3.289,3.3158,3.2624,0
2023-04-06,"62,300",318,1.84,,,0.2008,0.1472,0.8443,3.2238,3.218,3.275,3.2834,3.2081,0
2023-04-07,"65,000",323,1.84,,,0.2182,0.1601,0.8762,3.2282,3.1962,3.282,3.3048,3.2378,0
2023-04-10,"65,700",326,1.84,,,0.2683,0.1668,0.8673,3.2265,3.1938,3.263,3.2613,3.1891,0
2023-04-11,"65,900",331,1.84,,,0.2634,0.1656,0.8704,3.2437,3.2063,3.279,3.2936,3.2287,0
2023-04-12,"66,000",332,1.84,,,0.2557,0.1711,0.8317,3.2199,3.1969,3.272,3.3009,3.2307,0
2023-04-13,"66,100",333,1.84,,,0.248,0.1664,0.8312,3.2132,3.1975,3.235,3.2555,3.1969,0
2023-04-14,"65,100",334,1.84,,,0.2405,0.1616,0.8305,3.2323,3.2036,3.235,3.2627,3.2134,0
2023-04-17,"65,300",334,1.84,,,0.2406,0.1572,0.784,3.2324,3.1787,3.242,3.332,3.2867,0
2023-04-18,"65,600",334,1.84,,,0.2336,0.1524,0.7834,3.2613,3.2146,3.228,3.3453,3.2937,0
2023-04-19,"65,500",334,1.84,,,0.2271,0.1477,0.7809,3.2375,3.1979,3.237,3.3819,3.3375,0
2023-04-20,"65,300",333,1.84,,,0.2203,0.1432,0.7806,3.2596,3.2306,3.234,3.3808,3.3343,0
2023-04-21,"65,700",331,1.84,,,0.2141,0.1393,0.7812,3.2375,3.1969,3.218,3.3251,3.2662,0
2023-04-24,"65,200",329,1.84,,,0.2087,0.1371,0.7455,3.1802,3.2027,3.217,3.3017,3.2282,0
2023-04-25,"63,600",324,1.84,,,0.2048,0.135,0.7514,3.2047,3.1976,3.228,3.327,3.264,0
2023-04-26,"64,100",324,1.84,,,0.2206,0.1439,0.7959,3.2153,3.2117,3.219,3.3301,3.2577,0
2023-04-27,"64,600",325,1.84,,,0.2164,0.1395,0.7886,3.2723,3.2299,3.253,3.3509,3.2869,0
2023-04-28,"65,500",326,1.84,,,0.2119,0.1358,0.7903,3.3221,3.265,3.281,3.3657,3.2912,0
2023-05-02,"65,700",329,1.84,,,0.2121,0.1322,0.7839,3.2817,3.2732,3.324,3.4078,3.3333,0
2023-05-03,"65,400",327,1.84,,,0.2059,0.1329,0.7693,3.2943,3.291,3.335,3.3678,3.2778,0
2023-05-04,"65,100",326,1.84,,,0.2005,0.131,0.7698,3.3391,3.3087,3.326,3.3087,3.2054,0
2023-05-08,"65,900",329,1.84,,,0.1952,0.1276,0.7717,3.3234,3.3027,3.342,3.3717,3.2567,0
2023-05-09,"65,300",328,1.84,,,0.1951,0.1288,0.7868,3.4165,3.3664,3.344,3.3714,3.2512,0
2023-05-10,"64,600",326,1.84,,,0.1926,0.1254,0.7874,3.3533,3.3389,3.353,3.3683,3.269,0
2023-05-11,"64,200",325,1.84,,,0.1912,0.1239,0.7956,3.4302,3.3824,3.344,3.3265,3.2148,0
2023-05-12,"64,100",324,1.84,,,0.1872,0.1207,0.7983,3.4209,3.3804,3.35,3.3387,3.2196,0
2023-05-15,"64,500",324,1.84,,,0.1819,0.1183,0.798,3.4053,3.3877,3.391,3.3767,3.2744,0
2023-05-16,"65,400",325,1.84,,,0.1775,0.114,0.7891,3.4228,3.4201,3.392,3.345,3.2365,0
2023-05-17,"65,000",327,1.84,,,0.1803,0.1111,0.7809,3.466,3.4423,3.416,3.3741,3.2687,0
2023-05-18,"66,200",330,1.84,,,0.1764,0.1104,0.7263,3.4826,3.448,3.426,3.4127,3.3114,0
2023-05-19,"68,400",334,1.84,,,0.1854,0.1129,0.7579,3.5086,3.4748,3.445,3.4418,3.3353,0
2023-05-22,"68,500",336,1.84,,,0.22,0.1189,0.7958,3.5084,3.4778,3.447,3.4122,3.3162,0
2023-05-23,"68,400",337,1.84,,,0.2134,0.1176,0.7852,3.5007,3.4795,3.47,3.4516,3.3691,0
2023-05-24,"68,500",336,1.84,,,0.207,0.1147,0.7782,3.4912,3.4771,3.464,3.4527,3.3744,0
2023-05-25,"68,800",335,1.84,,,0.2008,0.1117,0.7707,3.5333,3.5086,3.513,3.5548,3.4773,0
2023-05-26,"70,300",337,1.84,,,0.1954,0.109,0.7541,3.5685,3.547,3.538,3.6134,3.5212,0
2023-05-30,"72,300",342,1.84,,,0.2072,0.1081,0.7603,3.5717,3.5555,3.569,3.6516,3.5573,0
2023-05-31,"71,400",339,1.84,,,0.2286,0.1195,0.8152,3.5539,3.4862,3.54,3.5739,3.4546,0
2023-06-01,"70,900",338,1.84,,,0.2269,0.1208,0.8242,3.5282,3.4794,3.546,3.585,3.4741,0
2023-06-02,"72,200",343,1.84,,,0.2218,0.1178,0.8264,3.5215,3.508,3.51,3.5498,3.4316,0
2023-06-05,"71,700",344,1.84,,,0.2262,0.1276,0.8416,3.5587,3.496,3.538,3.6218,3.4982,0
2023-06-07,"71,000",343,1.84,,,0.2213,0.1244,0.8212,3.5134,3.5136,3.514,3.5894,3.4669,0
2023-06-08,"70,900",343,1.84,,,0.2176,0.1209,0.8208,3.5413,3.518,3.531,3.6381,3.5405,0
2023-06-09,"72,000",347,1.84,,,0.2111,0.1173,0.8207,3.518,3.5054,3.503,3.5917,3.5036,0
2023-06-12,"71,000",345,1.84,,,0.2132,0.1223,0.8355,3.5217,3.4724,3.492,3.5879,3.4911,0
2023-06-13,"72,000",346,1.84,,,0.2137,0.1207,0.8413,3.5,3.4414,3.467,3.5609,3.4827,0
2023-06-14,"71,900",345,1.84,,,0.2143,0.1176,0.8345,3.5098,3.399,3.489,3.6148,3.5445,0
2023-06-15,"71,500",343,1.84,,,0.2078,0.1145,0.8326,3.491,3.4495,3.507,3.6877,3.6263,0
2023-06-16,"71,800",345,1.84,,,0.2026,0.1133,0.8324,3.484,3.3986,3.502,3.637,3.5852,0
2023-06-19,"71,200",343,1.84,,,0.1971,0.1122,0.8293,3.4903,3.4226,3.514,3.6438,3.5828,0
2023-06-20,"71,400",343,1.84,,,0.194,0.1112,0.8347,3.495,3.4443,3.503,3.6154,3.5669,0
2023-06-21,"70,500",339,1.84,,,0.1883,0.1077,0.833,3.4895,3.4346,3.502,3.6389,3.5706,0
2023-06-22,"71,300",341,1.84,,,0.1891,0.1139,0.8414,3.499,3.4575,3.506,3.6601,3.5918,0
2023-06-23,"71,600",338,1.84,,,0.1886,0.1128,0.8486,3.5469,3.474,3.51,3.6773,3.6089,0
2023-06-26,"72,400",340,1.84,,,0.1835,0.1146,0.7796,3.5039,3.4734,3.505,3.6346,3.5675,0
2023-06-27,"72,600",340,1.84,,,0.1832,0.1135,0.7899,3.5195,3.4684,3.501,3.6163,3.5369,0
2023-06-28,"72,700",338,1.84,,,0.1779,0.1101,0.7884,3.5184,3.4684,3.508,3.6346,3.5561,0
2023-06-29,"72,400",336,1.84,,,0.1725,0.1091,0.7636,3.5086,3.4818,3.525,3.6567,3.5833,0
2023-06-30,"72,200",338,1.84,,,0.168,0.1083,0.763,3.5339,3.5206,3.563,3.7405,3.6617,0
2023-07-03,"73,000",343,1.84,,,0.1634,0.1077,0.7304,3.5278,3.5355,3.559,3.6773,3.6124,0
2023-07-04,"73,000",342,1.84,,,0.1641,0.119,0.7437,3.5297,3.5232,3.562,3.6784,3.6186,0
2023-07-05,"72,000",339,1.84,,,0.1589,0.1157,0.7393,3.5127,3.5219,3.564,3.6794,3.6175,0
2023-07-06,"71,600",336,1.84,,,0.1631,0.1173,0.7639,3.5393,3.5368,3.59,3.735,3.676,0
2023-07-07,"69,900",332,1.84,,,0.1603,0.1191,0.7644,3.5723,3.5713,3.623,3.7832,3.7355,0
2023-07-10,"69,500",331,1.84,,,0.1808,0.1243,0.7997,3.5905,3.6086,3.665,3.8426,3.7958,0
2023-07-11,"71,500",337,1.84,,,0.1767,0.1211,0.8019,3.6152,3.6126,3.629,3.7524,3.7029,0
2023-07-12,"71,900",339,1.84,,,0.204,0.1369,0.8565,3.5982,3.6081,3.627,3.7626,3.7038,0
2023-07-13,"71,900",341,1.84,,,0.1987,0.1344,0.8571,3.5883,3.5955,3.574,3.6514,3.6012,0
2023-07-14,"73,400",347,1.84,,,0.1927,0.1323,0.8442,3.5818,3.5838,3.592,3.6664,3.6132,0
2023-07-17,"73,300",346,1.84,,,0.2033,0.1451,0.8702,3.5756,3.5769,3.588,3.6635,3.6102,0
2023-07-18,"72,000",343,1.84,,,0.1972,0.1412,0.8693,3.5765,3.5692,3.58,3.6392,3.5953,0
2023-07-19,"71,700",343,1.84,,,0.2035,0.141,0.8752,3.562,3.5553,3.542,3.6,3.5418,0
2023-07-20,"71,000",342,1.84,,,0.1979,0.1367,0.8721,3.5553,3.556,3.552,3.6407,3.5801,0
2023-07-21,"70,300",342,1.84,,,0.1957,0.133,0.869,3.5478,3.5393,3.551,3.657,3.6015,0
2023-07-24,"70,400",344,1.84,,,0.1936,0.1289,0.8516,3.5236,3.5431,3.548,3.6642,3.6169,0
2023-07-25,"70,000",345,1.84,,,0.1877,0.127,0.8428,3.5086,3.5414,3.551,3.6937,3.6452,0
2023-07-26,"69,800",341,1.84,,,0.1836,0.1238,0.8225,3.5127,3.5353,3.524,3.6717,3.6273,0
2023-07-27,"71,700",345,1.84,,,0.1781,0.1283,0.7894,3.5103,3.5296,3.506,3.6292,3.587,0
2023-07-28,"70,600",344,1.84,,,0.2018,0.1323,0.8121,3.5116,3.5184,3.521,3.678,3.6355,0
2023-07-31,"69,800",346,1.84,,,0.2048,0.1289,0.7992,3.4844,3.5145,3.523,3.7177,3.6822,0
2023-08-01,"71,100",351,1.84,,,0.2037,0.127,0.7294,3.4981,3.5066,3.494,3.6896,3.648,0
2023-08-02,"69,900",344,1.84,,,0.2098,0.1351,0.7649,3.4733,3.4918,3.494,3.7213,3.6783,0
2023-08-03,"68,800",342,1.84,,,0.2141,0.1526,0.783,3.4645,3.4863,3.494,3.7499,3.716,0
2023-08-04,"68,300",341,1.84,,,0.2163,0.1497,0.785,3.4798,3.498,3.498,3.764,3.7404,0
2023-08-07,"68,500",340,1.84,,,0.212,0.1457,0.7866,3.4943,3.5219,3.475,3.7286,3.6907,0
2023-08-08,"67,600",338,1.84,,,0.2055,0.1416,0.7778,3.4923,3.5187,3.466,3.7022,3.6479,0
2023-08-09,"68,900",342,1.84,,,0.2059,0.1392,0.7842,3.483,3.5114,3.474,3.7144,3.6734,0
2023-08-10,"68,000",340,1.84,,,0.2128,0.1424,0.8078,3.4839,3.5164,3.475,3.7307,3.6886,0
2023-08-11,"67,500",339,1.84,,,0.2126,0.14,0.8128,3.4532,3.4911,3.476,3.7297,3.7,0
2023-08-14,"67,300",336,1.84,,,0.2081,0.1362,0.8136,3.4638,3.5067,3.489,3.7621,3.7498,0
2023-08-16,"67,000",331,1.84,,,0.2021,0.1365,0.8004,3.4275,3.4686,3.462,3.7362,3.7146,0
2023-08-17,"66,700",330,1.84,,,0.1967,0.1447,0.7654,3.3821,3.4456,3.49,3.7899,3.7918,0
2023-08-18,"66,300",328,1.84,,,0.1916,0.1408,0.7674,3.3872,3.4701,3.471,3.734,3.7321,0
2023-08-21,"66,600",329,1.84,,,0.1872,0.1385,0.7713,3.4138,3.473,3.51,3.8017,3.7985,0
2023-08-22,"66,600",330,1.84,,,0.1822,0.1347,0.773,3.4228,3.4783,3.514,3.7985,3.8057,0
2023-08-23,"67,100",329,1.84,,,0.1767,0.1312,0.7698,3.3868,3.474,3.508,3.766,3.7745,0
2023-08-24,"68,200",334,1.84,,,0.1738,0.1279,0.7406,3.4226,3.4739,3.511,3.767,3.762,0
2023-08-25,"67,100",330,1.84,,,0.18,0.137,0.7769,3.2685,3.4249,3.539,3.7953,3.7923,0
2023-08-28,"66,800",333,1.84,,,0.1856,0.1409,0.8021,3.2681,3.4251,3.534,3.776,3.7617,0
2023-08-29,"66,800",334,1.84,,,0.1808,0.141,0.7491,3.3887,3.463,3.526,3.7556,3.7425,0
2023-08-30,"67,100",335,1.84,,,0.1752,0.1372,0.7463,3.4329,3.4794,3.515,3.7506,3.7344,0
2023-08-31,"66,900",335,1.84,,,0.1708,0.1335,0.7485,3.3295,3.4693,3.5,3.7264,3.7134,0
2023-09-01,"71,000",338,1.84,,,0.166,0.1295,0.7466,3.333,3.4591,3.497,3.7183,3.6909,0
2023-09-04,"71,200",341,1.84,,,0.2818,0.1303,0.6297,3.3857,3.5174,3.518,3.78,3.7398,0
2023-09-05,"70,700",340,1.84,,,0.2734,0.1308,0.6175,3.4292,3.5558,3.528,3.8031,3.7671,0
2023-09-06,"70,000",338,1.84,,,0.2665,0.1275,0.6207,3.4154,3.5662,3.514,3.8002,3.7672,0
2023-09-07,"70,400",337,1.84,,,0.2612,0.1256,0.6308,3.4128,3.5872,3.568,3.8727,3.8499,0
2023-09-08,"70,300",336,1.84,,,0.2543,0.1224,0.6175,3.3975,3.5485,3.562,3.8301,3.7972,0
2023-09-11,"70,800",338,1.84,,,0.2466,0.1192,0.6166,3.4363,3.5303,3.607,3.8972,3.8677,0
2023-09-12,"70,500",336,1.84,,,0.2407,0.118,0.6231,3.4196,3.5889,3.622,3.8773,3.8658,0
2023-09-13,"70,900",336,1.84,,,0.2339,0.1165,0.6233,3.4308,3.6028,3.629,3.872,3.8554,0
2023-09-14,"71,700",341,1.84,,,0.2278,0.113,0.6202,3.4353,3.6628,3.633,3.8574,3.838,0
2023-09-15,"72,000",345,1.84,,,0.2253,0.1237,0.6293,3.4128,3.6438,3.645,3.8787,3.8519,0
2023-09-18,"70,200",341,1.84,,,0.219,0.1282,0.6131,3.4333,3.6258,3.664,3.9234,3.8932,0
2023-09-19,"69,800",339,1.84,,,0.2339,0.1323,0.6664,3.4388,3.6355,3.652,3.9072,3.8895,0
2023-09-20,"69,600",339,1.84,,,0.2279,0.1303,0.6702,3.4597,3.6618,3.653,3.9051,3.8926,0
2023-09-21,"68,900",333,1.84,,,0.2213,0.1263,0.6693,3.4692,3.6877,3.672,3.9404,3.9329,0
2023-09-22,"68,800",332,1.84,,,0.2181,0.1408,0.6611,3.478,3.6522,3.658,3.8907,3.8784,0
2023-09-25,"69,400",332,1.84,,,0.2115,0.137,0.6612,3.4631,3.6082,3.651,3.8727,3.879,0
2023-09-26,"68,600",327,1.84,,,0.2078,0.1328,0.6526,3.4925,3.6284,3.66,3.8867,3.894,0
2023-09-27,"68,400",327,1.84,,,0.2065,0.1416,0.6697,3.4793,3.6213,3.661,3.8847,3.8869,0
2023-10-04,"67,500",319,1.84,,,0.2005,0.1373,0.6687,3.515,3.6854,3.757,4.0717,4.1133,0
2023-10-05,"66,700",319,1.84,,,0.2011,0.1644,0.674,3.5021,3.6706,3.744,4.0444,4.0862,0
2023-10-06,"66,000",319,1.84,,,0.2004,0.1593,0.6556,3.4679,3.6584,3.722,3.9836,4.0195,0
2023-10-10,"66,400",319,1.84,,,0.1986,0.1545,0.6414,3.5287,3.6425,3.723,3.9622,4.0014,0
2023-10-11,"68,200",325,1.84,,,0.194,0.1498,0.6367,3.4933,3.6216,3.713,3.9359,3.9566,0
2023-10-12,"68,900",329,1.84,,,0.215,0.1624,0.715,3.4829,3.595,3.704,3.9097,3.9356,0
2023-10-13,"68,000",326,1.84,,,0.2125,0.1644,0.7262,3.4816,3.5902,3.728,3.9226,3.961,0
2023-10-16,"67,300",323,1.84,,,0.2119,0.1633,0.7404,3.4162,3.5789,3.739,3.9337,3.9772,0
2023-10-17,"69,400",327,1.84,,,0.2093,0.1624,0.7508,3.4766,3.5608,3.738,3.9409,3.9957,0
2023-10-18,"70,500",329,1.84,,,0.2355,0.1645,0.7668,3.4394,3.5453,3.753,3.9714,4.0363,0
2023-10-19,"69,500",323,1.84,,,0.2364,0.1612,0.7707,3.4662,3.5535,3.767,3.9844,4.0762,0
2023-10-20,"68,800",318,1.84,,,0.2358,0.1719,0.7788,3.4662,3.5648,3.749,3.9468,4.0389,0
2023-10-23,"68,400",316,1.84,,,0.232,0.1774,0.7795,3.4675,3.4922,3.761,3.9633,4.0614,0
2023-10-24,"68,500",318,1.84,,,0.226,0.1737,0.782,3.4208,3.4668,3.738,3.9322,4.0096,0
2023-10-25,"68,000",316,1.84,,,0.2192,0.1702,0.7773,3.4363,3.4151,3.743,3.9578,4.0443,0
2023-10-26,"66,700",308,1.84,,,0.2145,0.1668,0.7816,3.4428,3.4445,3.761,4.0023,4.1113,0
2023-10-27,"67,300",309,1.84,,,0.2211,0.19,0.8038,3.5113,3.4778,3.749,3.984,4.0797,0
2023-10-30,"67,300",309,1.84,,,0.2171,0.1847,0.8027,3.4628,3.4727,3.745,4.0014,4.0959,0
2023-10-31,"66,900",306,1.84,,,0.2107,0.1791,0.8029,3.4583,3.483,3.74,4.0076,4.0917,0
2023-11-01,"68,600",310,1.84,,,0.2054,0.1777,0.8032,3.4518,3.4215,3.731,3.9978,4.0777,0
2023-11-02,"69,700",315,1.84,,,0.2218,0.1795,0.816,3.4382,3.4423,3.687,3.9096,3.9848,0
2023-11-03,"69,600",318,1.84,,,0.2238,0.1848,0.8314,3.2882,3.4267,3.693,3.9086,3.9538,0
2023-11-06,"70,900",334,1.84,,,0.217,0.183,0.8089,3.5889,3.4448,3.693,3.8626,3.8803,0
2023-11-07,"70,900",327,1.84,,,0.2223,0.2606,0.7581,3.4892,3.4649,3.722,3.8896,3.8897,0
2023-11-08,"69,900",324,1.84,,,0.2156,0.2657,0.7208,3.4913,3.4851,3.731,3.871,3.8703,0
2023-11-09,"70,300",325,1.84,,,0.2162,0.2601,0.7255,3.5153,3.5108,3.734,3.8698,3.8485,0
2023-11-10,"70,500",324,1.84,,,0.2108,0.2525,0.7255,3.4902,3.51,3.765,3.8815,3.8635,0
2023-11-13,"70,400",323,1.84,,,0.2047,0.2451,0.721,3.5625,3.548,3.793,3.9013,3.8782,0
2023-11-14,"70,800",327,1.84,,,0.1985,0.2379,0.7212,3.5365,3.5496,3.792,3.8962,3.8577,0
2023-11-15,"72,200",334,1.84,,,0.1937,0.2356,0.7247,3.4439,3.5639,3.75,3.7999,3.7433,0
2023-11-16,"72,800",334,1.84,,,0.2026,0.2428,0.7592,3.5045,3.5729,3.75,3.762,3.6996,0
2023-11-17,"72,500",332,1.84,,,0.1991,0.2354,0.7491,3.4139,3.5435,3.741,3.7317,3.6797,0
2023-11-20,"72,700",334,1.84,,,0.1937,0.2294,0.7511,3.5173,3.5631,3.729,3.7175,3.6656,0
2023-11-21,"72,800",337,1.84,,,0.1882,0.2237,0.7519,3.5594,3.5628,3.715,3.6973,3.6424,0
2023-11-22,"72,800",337,1.84,,,0.1827,0.2196,0.7464,3.575,3.5535,3.72,3.7167,3.6647,0
2023-11-23,"72,400",337,1.84,,,0.1768,0.2129,0.7467,3.6028,3.55,3.702,3.7047,3.6424,0
2023-11-24,"71,700",334,1.84,,,0.1728,0.2064,0.741,3.5886,3.4482,3.707,3.7276,3.6763,0
2023-11-27,"71,300",334,1.84,,,0.1717,0.2031,0.7498,3.6051,3.4873,3.716,3.7303,3.6884,0
2023-11-28,"72,700",338,1.84,,,0.1679,0.1969,0.7434,3.5972,3.477,3.696,3.6888,3.6472,0
2023-11-29,"72,700",337,1.84,,,0.1796,0.1965,0.7543,3.6348,3.5129,3.656,3.5934,3.5523,0
2023-11-30,"72,800",338,1.84,,,0.1743,0.1909,0.7533,3.7155,3.5286,3.653,3.6168,3.5818,0
2023-12-01,"72,000",335,1.84,,,0.1688,0.1854,0.7534,3.7383,3.5632,3.639,3.6169,3.5859,0
2023-12-04,"72,600",336,1.84,,,0.1692,0.183,0.7636,3.7051,3.5309,3.595,3.5626,3.5297,0
2023-12-05,"71,200",333,1.84,,,0.1673,0.1779,0.7604,3.6867,3.5158,3.574,3.5396,3.4819,0
2023-12-06,"71,700",333,1.84,,,0.1789,0.1759,0.7588,3.6786,3.4625,3.561,3.5135,3.461,0
2023-12-07,"71,500",333,1.84,,,0.1756,0.1706,0.7498,3.6746,3.4365,3.576,3.5511,3.5097,0
2023-12-08,"72,600",337,1.84,,,0.1706,0.1654,0.7483,3.6331,3.3804,3.56,3.522,3.459,0
2023-12-11,"73,000",338,1.84,,,0.1758,0.167,0.7706,3.6571,3.4342,3.575,3.5634,3.4769,0
2023-12-12,"73,500",340,1.84,,,0.1717,0.1622,0.7714,3.6039,3.3752,3.561,3.5251,3.4428,0
2023-12-13,"72,800",337,1.84,,,0.1686,0.159,0.7764,3.6051,3.3257,3.581,3.5465,3.462,0
2023-12-14,"73,100",341,1.84,,,0.1676,0.1579,0.7873,3.4652,3.2127,3.484,3.3362,3.2535,0
2023-12-15,"73,300",344,1.84,,,0.1633,0.1598,0.7787,3.4791,3.1301,3.489,3.3743,3.2767,0
2023-12-18,"72,900",344,1.84,,,0.1587,0.1587,0.7732,3.5415,3.1492,3.483,3.3682,3.2727,0
2023-12-19,"73,400",344,1.84,,,0.1553,0.1538,0.766,3.4946,2.9997,3.487,3.3954,3.2922,0
2023-12-20,"74,800",350,1.84,,,0.1529,0.1491,0.7542,3.4806,3.1749,3.462,3.3255,3.2271,0
2023-12-21,"75,000",349,1.84,,,0.1655,0.1595,0.8002,3.4775,3.172,3.454,3.3175,3.2316,0
2023-12-22,"75,900",349,1.84,,,0.1608,0.155,0.7917,3.5012,3.2415,3.453,3.3101,3.2294,0
2023-12-26,"76,600",350,1.84,,,0.1626,0.1503,0.7584,3.5527,3.2528,3.459,3.3079,3.2159,0
2023-12-27,"78,000",352,1.84,,,0.1617,0.1461,0.7547,3.5859,3.2914,3.46,3.3169,3.2145,0
2023-12-28,"78,500",358,1.84,,,0.1718,0.1434,0.7434,3.5648,3.3607,3.434,3.2588,3.1473,0
2024-01-02,"79,600",361,2.72,,,0.1684,0.1538,0.7277,3.531,3.3414,3.466,3.3288,3.2347,0
2024-01-03,"77,000",351,2.72,,,0.172,0.1526,0.742,3.4927,3.2953,3.471,3.3698,3.2733,0
2024-01-04,"76,600",348,2.72,,,0.2109,0.1839,0.8355,3.5133,3.305,3.451,3.3364,3.2213,0
2024-01-05,"76,600",347,2.72,,,0.2055,0.1815,0.8355,3.4383,3.3208,3.46,3.379,3.2783,0
2024-01-08,"76,500",346,2.72,,,0.1992,0.1762,0.8338,3.407,3.3201,3.455,3.3923,3.2926,0
2024-01-09,"74,700",344,2.72,,,0.1933,0.1712,0.8335,3.3719,3.2902,3.424,3.3542,3.2503,0
2024-01-10,"73,600",341,2.72,,,0.209,0.1675,0.8,3.3888,3.3145,3.427,3.3622,3.2646,0
2024-01-11,"73,200",340,2.72,,,0.2108,0.166,0.8093,3.3684,3.3147,3.395,3.329,3.2221,0
2024-01-12,"73,100",338,2.72,,,0.2053,0.1613,0.8102,3.3324,3.3173,3.371,3.2988,3.1992,0
2024-01-15,"73,900",339,2.72,,,0.1994,0.1582,0.8055,3.3722,3.3178,3.352,3.2675,3.1867,0
2024-01-16,"72,600",335,2.72,,,0.1977,0.1537,0.8003,3.3725,3.3388,3.369,3.3018,3.2314,0
2024-01-17,"71,000",326,2.72,,,0.2037,0.156,0.8195,3.3762,3.3357,3.372,3.3354,3.2742,0
2024-01-18,"71,700",327,2.72,,,0.2157,0.1847,0.8454,3.3725,3.3298,3.374,3.3456,3.2822,0
2024-01-19,"74,700",333,2.72,,,0.2125,0.1794,0.8416,3.3789,3.3485,3.365,3.36,3.3048,0
2024-01-22,"75,100",333,2.72,,,0.2606,0.1878,0.8471,3.3722,3.3417,3.329,3.3218,3.2761,0
2024-01-23,"75,200",335,2.72,,,0.2534,0.182,0.8442,3.3737,3.3426,3.338,3.337,3.2839,0
2024-01-24,"74,000",333,2.72,,,0.2458,0.178,0.8395,3.3978,3.3349,3.345,3.3532,3.298,0
2024-01-25,"74,100",334,2.72,,,0.2463,0.1741,0.8386,3.3936,3.3496,3.347,3.3654,3.3111,0
2024-01-26,"73,400",334,2.72,,,0.2389,0.1692,0.838,3.4015,3.3449,3.318,3.3097,3.2609,0
2024-01-29,"74,400",338,2.72,,,0.2345,0.1641,0.8275,3.3459,3.3349,3.349,3.3419,3.3024,0
2024-01-30,"74,300",337,2.72,,,0.2334,0.1657,0.837,3.3774,3.3562,3.331,3.3115,3.2658,0
2024-01-31,"72,700",336,2.72,,,0.2265,0.1611,0.8365,3.3775,3.3434,3.336,3.3186,3.2584,0
2024-02-01,"73,600",342,2.72,,,0.2353,0.1566,0.8047,3.382,3.3542,3.338,3.3196,3.2645,0
2024-02-02,"75,200",353,2.72,,,0.233,0.1667,0.8018,3.3695,3.3623,3.333,3.3084,3.2451,0
2024-02-05,"74,300",349,2.72,,,0.241,0.2032,0.8089,3.353,3.348,3.371,3.3834,3.3093,0
2024-02-06,"74,400",348,2.72,,,0.2382,0.202,0.8169,3.243,3.2977,3.365,3.3735,3.289,0
2024-02-07,"75,000",352,2.72,,,0.231,0.196,0.814,3.2568,3.3007,3.367,3.3744,3.2827,0
2024-02-08,"74,100",353,2.72,,,0.2261,0.1952,0.8165,3.3558,3.3764,3.384,3.3942,3.3015,0
2024-02-13,"75,200",357,2.72,,,0.2242,0.1896,0.7848,3.3915,3.3943,3.417,3.4304,3.3501,0
2024-02-14,"74,000",353,2.72,,,0.2248,0.1889,0.7973,3.3837,3.397,3.454,3.4941,3.423,0
2024-02-15,"73,000",351,2.72,,,0.2268,0.1884,0.8096,3.3667,3.3823,3.439,3.4607,3.4032,0
2024-02-16,"72,800",356,2.72,,,0.2261,0.1839,0.8095,3.3712,3.4077,3.449,3.4655,3.4029,0
2024-02-19,"73,800",361,2.72,,,0.2195,0.1866,0.7583,3.4119,3.3971,3.45,3.4533,3.3949,0
2024-02-20,"73,300",357,2.72,,,0.2193,0.1889,0.7742,3.3877,3.4109,3.474,3.4712,3.4025,0
2024-02-21,"73,000",356,2.72,,,0.2143,0.1883,0.776,3.401,3.4197,3.486,3.4741,3.3991,0
2024-02-22,"73,100",358,2.72,,,0.2083,0.1828,0.777,3.4569,3.4139,3.466,3.4183,3.3383,0
2024-02-23,"72,900",359,2.72,,,0.2021,0.1786,0.7742,3.4596,3.4361,3.494,3.4494,3.3704,0
2024-02-26,"72,800",355,2.72,,,0.1962,0.1734,0.7681,3.4841,3.4404,3.477,3.4272,3.3358,0
2024-02-27,"72,900",353,2.72,,,0.1903,0.1737,0.7503,3.3745,3.4406,3.49,3.4474,3.3601,0
2024-02-28,"73,200",357,2.72,,,0.1846,0.1698,0.7398,3.3716,3.4149,3.487,3.4455,3.3551,0
2024-02-29,"73,400",356,2.72,,,0.1797,0.1705,0.7353,3.3172,3.4292,3.496,3.4688,3.3814,0
2024-03-04,"74,900",361,2.72,,,0.1746,0.1656,0.7283,3.262,3.4164,3.469,3.4376,3.3565,0
2024-03-05,"73,700",358,2.72,,,0.1866,0.1695,0.7602,3.2025,3.4004,3.463,3.4408,3.3451,0
2024-03-06,"72,900",356,2.72,,,0.1915,0.1674,0.7683,3.2458,3.4079,3.447,3.4196,3.3208,0
2024-03-07,"72,200",357,2.72,,,0.1904,0.1638,0.772,3.3146,3.4234,3.442,3.4196,3.3167,0
2024-03-08,"73,300",362,2.72,,,0.1884,0.1592,0.7411,3.3244,3.4101,3.407,3.3815,3.2661,0
2024-03-11,"72,400",358,2.72,,,0.1929,0.1636,0.7648,3.3301,3.3949,3.395,3.3441,3.2714,0
2024-03-12,"73,300",361,2.72,,,0.1921,0.1644,0.7824,3.2773,3.4165,3.361,3.3567,3.2693,0
2024-03-13,"74,100",363,2.72,,,0.1923,0.1626,0.7923,3.3069,3.4052,3.345,3.3397,3.2471,0
2024-03-14,"74,300",367,2.72,,,0.1912,0.1591,0.7955,3.3275,3.4053,3.349,3.363,3.2693,0
2024-03-15,"72,300",359,2.72,,,0.1857,0.16,0.7804,3.3409,3.4165,3.351,3.3813,3.3052,0
2024-03-18,"72,800",361,2.72,,,0.2089,0.1772,0.8341,3.3609,3.4231,3.357,3.4138,3.3459,0
2024-03-19,"72,800",357,2.72,,,0.2044,0.1732,0.8369,3.3343,3.4312,3.361,3.4452,3.3815,0
2024-03-20,"76,900",363,2.72,,,0.1981,0.1734,0.8103,3.3324,3.4278,3.346,3.4302,3.3696,0
2024-03-21,"79,300",374,2.72,,,0.2869,0.1802,0.7734,3.3011,3.4046,3.32,3.3522,3.3043,0
2024-03-22,"78,900",373,2.72,,,0.3027,0.2098,0.8103,3.2648,3.3982,3.321,3.3349,3.2819,0
2024-03-25,"78,200",371,2.72,,,0.2941,0.2037,0.8108,3.364,3.4464,3.328,3.3122,3.2885,0
2024-03-26,"79,900",375,2.72,,,0.2874,0.1986,0.8133,3.3943,3.4519,3.34,3.3344,3.2992,0
2024-03-27,"79,800",374,2.72,,,0.2908,0.197,0.8221,3.4059,3.4372,3.34,3.3304,3.2858,0
2024-03-28,"80,800",373,2.72,,,0.282,0.1912,0.8217,3.4218,3.4618,3.356,3.3321,3.2907,0
2024-03-29,"82,400",375,2.72,,,0.2777,0.1858,0.7979,3.4191,3.4589,3.384,3.3674,3.3196,0
2024-04-01,"82,000",374,2.72,,,0.2798,0.1812,0.794,3.4081,3.438,3.373,3.3361,3.2884,0
2024-04-02,"85,000",376,2.72,,,0.2719,0.176,0.7948,3.4078,3.4394,3.396,3.3581,3.3313,0
2024-04-03,"84,100",370,2.72,,,0.2984,0.172,0.7536,3.4068,3.44,3.401,3.3682,3.3393,0
2024-04-04,"85,300",376,2.72,,,0.2922,0.178,0.7482,3.354,3.3921,3.4,3.3644,3.3364,0
2024-04-05,"84,500",372,2.72,,,0.2887,0.1838,0.7554,3.3538,3.3832,3.392,3.3554,3.3274,0
2024-04-08,"84,500",373,2.72,,,0.2822,0.1828,0.759,3.3878,3.3917,3.42,3.416,3.3817,0
2024-04-09,"83,600",370,2.72,,,0.2736,0.1775,0.7577,3.3627,3.3986,3.422,3.4323,3.3895,0
2024-04-11,"84,100",371,2.72,,,0.2685,0.1749,0.7643,3.4201,3.4222,3.458,3.4948,3.4655,0
2024-04-12,"83,700",367,2.72,,,0.2615,0.17,0.7656,3.3956,3.4151,3.431,3.4453,3.4015,0
2024-04-15,"82,200",365,2.72,,,0.2541,0.1701,0.7575,3.3113,3.4215,3.444,3.4675,3.4393,0
2024-04-16,"80,000",357,2.72,,,0.2562,0.1663,0.7576,3.2904,3.3966,3.455,3.4909,3.4688,0
2024-04-17,"78,900",353,2.72,,,0.2699,0.1828,0.7992,3.3019,3.4101,3.451,3.5051,3.4747,0
2024-04-18,"79,600",359,2.72,,,0.2673,0.1826,0.8083,3.2921,3.3952,3.42,3.4486,3.4266,0
2024-04-19,"77,600",353,2.72,,,0.2613,0.1887,0.7971,3.236,3.4015,3.447,3.4859,3.468,0
2024-04-22,"76,100",357,2.72,,,0.272,0.1944,0.8216,3.043,3.4316,3.473,3.5292,3.5123,0
2024-04-23,"75,500",356,2.72,,,0.2744,0.1935,0.7064,3.2186,3.4184,3.464,3.5029,3.4892,0
2024-04-24,"78,600",364,2.72,,,0.2678,0.1879,0.7072,3.2174,3.4088,3.472,3.5099,3.5097,0
2024-04-25,"76,300",357,2.72,,,0.3031,0.2016,0.7685,3.2626,3.4026,3.485,3.5342,3.5444,0
2024-04-26,"76,700",361,2.72,,,0.3158,0.2095,0.799,3.2646,3.404,3.476,3.5231,3.5323,0
2024-04-29,"76,700",364,2.72,,,0.3069,0.2079,0.7935,3.2951,3.4092,3.481,3.5414,3.5536,0
2024-04-30,"77,500",365,2.72,,,0.2975,0.2039,0.7836,3.3105,3.411,3.47,3.5191,3.5304,0
2024-05-02,"78,000",364,2.72,,,0.2912,0.198,0.7823,3.3211,3.4213,3.462,3.5039,3.51,0
2024-05-03,"77,600",364,2.72,,,0.2834,0.1923,0.7732,3.3082,3.414,3.46,3.5081,3.5006,0
2024-05-07,"81,300",373,2.72,,,0.2756,0.1865,0.7713,3.3459,3.4062,3.441,3.4737,3.4476,0
2024-05-08,"81,300",374,2.72,,,0.3228,0.2042,0.8261,3.271,3.4109,3.444,3.4737,3.4381,0
2024-05-09,"79,700",369,2.72,,,0.3129,0.1982,0.8248,3.3,3.4174,3.45,3.4817,3.4524,0
2024-05-10,"79,200",371,2.72,,,0.3131,0.1998,0.8348,3.3129,3.4156,3.447,3.4716,3.4392,0
2024-05-13,"78,400",371,2.72,,,0.3045,0.1943,0.8194,3.3449,3.4261,3.458,3.4826,3.4512,0
2024-05-14,"78,300",371,2.72,,,0.2979,0.1883,0.8128,3.3558,3.4171,3.46,3.4785,3.4534,0
2024-05-16,"78,200",375,2.72,,,0.2888,0.1825,0.8126,3.2942,3.4099,3.426,3.4149,3.3733,0
2024-05-17,"77,400",371,2.72,,,0.2801,0.1818,0.7868,3.2721,3.3937,3.424,3.4211,3.3773,0
2024-05-20,"78,900",374,2.72,,,0.2745,0.1812,0.791,3.1865,3.4061,3.435,3.4453,3.4109,0
2024-05-21,"78,400",372,2.72,,,0.2764,0.1785,0.7971,3.1932,3.4072,3.434,3.4423,3.4099,0
2024-05-22,"77,700",371,2.72,,,0.2692,0.1744,0.7992,3.1983,3.397,3.431,3.4474,3.4078,0
2024-05-23,"78,300",372,2.72,,,0.2632,0.1692,0.7987,3.2428,3.391,3.42,3.4354,3.401,0
2024-05-24,"75,900",366,2.72,,,0.2569,0.1644,0.7991,3.202,3.4004,3.424,3.4567,3.4222,0
2024-05-27,"77,200",371,2.72,,,0.277,0.1715,0.8293,3.0023,3.3953,3.417,3.4487,3.4121,0
2024-05-28,"77,600",371,2.72,,,0.2765,0.1745,0.8397,2.9276,3.3882,3.402,3.4245,3.3931,0
2024-05-29,"75,200",365,2.72,,,0.2689,0.1691,0.8375,3.1401,3.4122,3.411,3.4446,3.4247,0
2024-05-30,"73,500",359,2.72,,,0.2879,0.1758,0.8603,3.2589,3.3915,3.415,3.463,3.4399,0
2024-05-31,"73,500",358,2.72,,,0.2929,0.1822,0.8741,3.4053,3.3943,3.41,3.463,3.4524,0
2024-06-03,"75,700",365,2.72,,,0.284,0.177,0.8724,3.4026,3.39,3.39,3.4511,3.4342,0
2024-06-04,"75,300",363,2.72,,,0.2983,0.1874,0.8921,3.4298,3.3762,3.363,3.4118,3.3898,0
2024-06-05,"77,400",366,2.72,,,0.2899,0.1829,0.892,3.3058,3.3588,3.349,3.3795,3.344,0
2024-06-07,"77,300",371,2.72,,,0.3007,0.1802,0.8835,3.3197,3.3395,3.334,3.3421,3.3067,0
2024-06-10,"75,700",367,2.72,,,0.2916,0.1826,0.8408,3.3496,3.3286,3.362,3.4049,3.3518,0
2024-06-11,"75,200",368,2.72,,,0.2942,0.1819,0.85,3.2945,3.2467,3.349,3.3993,3.3399,0
2024-06-12,"76,500",371,2.72,,,0.2865,0.1767,0.8397,3.2686,3.2512,3.338,3.376,3.3053,0
2024-06-13,"78,600",375,2.72,,,0.2856,0.1742,0.8452,3.2853,3.1803,3.33,3.3479,3.2752,0
2024-06-14,"79,600",376,2.72,,,0.2962,0.174,0.8522,3.3021,3.1869,3.324,3.3256,3.2499,0
2024-06-17,"78,100",374,2.72,,,0.2914,0.169,0.8488,3.2594,3.1983,3.315,3.2829,3.2095,0
2024-06-18,"79,800",378,2.72,,,0.292,0.1651,0.8464,3.2199,3.1466,3.325,3.2789,3.2117,0
2024-06-19,"81,200",383,2.72,,,0.2952,0.1654,0.8568,3.2306,3.1236,3.314,3.2425,3.1589,0
2024-06-20,"81,600",385,2.72,,,0.2941,0.1683,0.8643,3.2326,3.0908,3.336,3.2688,3.1933,0
2024-06-21,"80,000",381,2.72,,,0.2858,0.1644,0.8639,3.2398,3.1227,3.33,3.2453,3.1731,0
2024-06-24,"80,600",378,2.72,,,0.2876,0.1645,0.8727,3.1959,3.0999,3.343,3.2574,3.1914,0
2024-06-25,"80,800",380,2.72,,,0.2803,0.1624,0.8328,3.2251,3.1648,3.346,3.2592,3.1984,0
2024-06-26,"81,300",383,2.72,,,0.272,0.1588,0.8299,3.2204,3.1802,3.348,3.2693,3.2126,0
2024-06-27,"81,600",382,2.72,,,0.2648,0.1571,0.8284,3.2097,3.1601,3.348,3.2805,3.2176,0
2024-06-28,"81,500",384,2.72,,,0.2571,0.1525,0.8214,3.2055,3.15,3.328,3.2422,3.1793,0
2024-07-01,"81,800",384,2.72,,,0.2493,0.1492,0.811,3.2195,3.1614,3.309,3.2628,3.208,0
2024-07-02,"81,800",381,2.72,,,0.2422,0.1447,0.8096,3.2094,3.1749,3.261,3.2084,3.1672,0
2024-07-03,"81,800",383,2.72,,,0.2348,0.1436,0.7912,3.2511,3.1577,3.254,3.1984,3.1582,0
2024-07-04,"84,600",389,2.72,,,0.2276,0.1408,0.7826,3.2534,3.1343,3.23,3.155,3.1264,0
2024-07-05,"87,100",395,2.72,,,0.2566,0.1492,0.8223,3.1425,3.1205,3.216,3.1604,3.113,0
2024-07-08,"87,400",394,2.72,,,0.2735,0.1567,0.8499,3.0456,3.1355,3.209,3.1604,3.1172,0
2024-07-09,"87,800",396,2.72,,,0.2653,0.152,0.8436,3.0392,3.1418,3.201,3.1585,3.1121,0
2024-07-10,"87,800",396,2.72,,,0.2578,0.1486,0.8433,3.1121,3.1579,3.201,3.1625,3.1182,0
2024-07-11,"87,600",399,2.72,,,0.25,0.1441,0.8433,3.0844,3.1474,3.216,3.2092,3.1615,0
2024-07-12,"84,400",392,2.72,,,0.2427,0.1428,0.8171,3.0954,3.16,3.201,3.1604,3.0986,0
2024-07-15,"86,700",394,2.72,,,0.2761,0.1546,0.8566,3.0692,3.1637,3.192,3.1361,3.0733,0
2024-07-16,"87,700",395,2.72,,,0.2874,0.1512,0.8386,3.0731,3.1666,3.181,3.1006,3.0318,0
2024-07-17,"86,700",392,2.72,,,0.2822,0.1469,0.8368,3.0737,3.166,3.193,3.1035,3.0471,0
2024-07-18,"86,900",389,2.72,,,0.2772,0.1455,0.8414,3.0402,3.1593,3.202,3.1136,3.0551,0
2024-07-19,"84,400",384,2.72,,,0.2689,0.1442,0.8158,3.0536,3.1771,3.216,3.1428,3.0708,0
2024-07-22,"83,000",380,2.72,,,0.2844,0.1488,0.8387,3.0919,3.1987,3.219,3.1244,3.068,0
2024-07-23,"83,900",382,2.72,,,0.2832,0.1496,0.8482,3.0949,3.2005,3.229,3.1375,3.0811,0
2024-07-24,"82,000",379,2.72,,,0.2781,0.1466,0.8516,3.089,3.1973,3.217,3.1163,3.0424,0
2024-07-25,"80,400",371,2.72,,,0.2836,0.1453,0.8563,3.0612,3.1704,3.203,3.1013,3.0201,0
2024-07-26,"80,900",374,2.72,,,0.2855,0.1635,0.847,3.0612,3.1517,3.193,3.0985,3.0204,0
2024-07-29,"81,200",379,2.72,,,0.2779,0.1616,0.8446,3.0678,3.1411,3.156,3.0552,2.9741,0
2024-07-30,"81,000",375,2.72,,,0.2697,0.1649,0.8177,3.0873,3.1477,3.155,3.0746,2.9902,0
2024-07-31,"83,900",380,2.72,,,0.2617,0.1652,0.8004,3.1213,3.1533,3.152,3.0848,3.0004,0
2024-08-01,"83,100",381,2.72,,,0.2883,0.1683,0.8161,3.114,3.1448,3.137,3.0596,2.9721,0
2024-08-02,"79,600",365,2.72,,,0.2819,0.1634,0.799,3.1267,3.142,3.124,3.0394,2.9344,0
2024-08-05,"71,400",332,2.72,,,0.3206,0.2301,0.8477,3.0959,3.0978,3.083,2.9251,2.7999,0
2024-08-06,"72,500",342,2.72,,,0.5247,0.4308,0.9493,3.1535,3.1229,3.112,3.0488,2.9303,0
2024-08-07,"74,700",349,2.72,,,0.5122,0.4334,0.9397,3.1064,3.1258,3.104,3.0296,2.9245,0
2024-08-08,"73,400",347,2.72,,,0.51,0.4274,0.9414,2.9757,3.1535,3.093,3.0143,2.9063,0
2024-08-09,"74,700",352,2.72,,,0.4991,0.415,0.9385,3.1729,3.1646,3.092,3.0326,2.9369,0
2024-08-12,"75,500",356,2.72,,,0.4887,0.4062,0.9397,3.1689,3.123,3.084,3.0329,2.9423,0
2024-08-13,"76,100",357,2.72,,,0.4756,0.3962,0.94,3.1729,3.1391,3.072,3.0249,2.9135,0
2024-08-14,"77,200",360,2.72,,,0.4622,0.3843,0.9395,3.1683,3.1137,3.049,2.9988,2.8834,0
2024-08-16,"80,200",369,2.72,,,0.4516,0.374,0.9395,3.1778,3.1587,3.06,3.0392,2.9236,0
2024-08-19,"78,300",366,2.72,,,0.4622,0.3751,0.9423,3.189,3.1362,3.055,3.0343,2.9228,0
2024-08-20,"78,900",369,2.72,,,0.4577,0.3651,0.9366,3.1904,3.1323,3.058,3.0475,2.9401,0
2024-08-21,"78,300",368,2.72,,,0.4448,0.3554,0.9369,3.1796,3.1154,3.052,3.0436,2.9362,0
2024-08-22,"78,300",369,2.72,,,0.4322,0.3447,0.9363,3.1743,3.0652,3.042,3.0215,2.9027,0
2024-08-23,"77,700",368,2.72,,,0.4191,0.3344,0.9359,3.1634,3.1041,3.05,3.0365,2.9157,0
2024-08-26,"76,100",366,2.72,,,0.4074,0.3243,0.9352,3.2061,3.1132,3.039,3.0102,2.8853,0
2024-08-27,"75,800",365,2.72,,,0.4032,0.3152,0.9276,3.188,3.1303,3.055,3.0547,2.9358,0
2024-08-28,"76,400",365,2.72,,,0.3912,0.3058,0.9277,3.1811,3.1395,3.049,3.0252,2.9148,0
2024-08-29,"74,000",360,2.72,,,0.3805,0.2964,0.9247,3.2218,3.146,3.059,3.0566,2.9347,0
2024-08-30,"74,300",362,2.72,,,0.3892,0.2924,0.92,3.1989,3.1252,3.06,3.0669,2.949,0
2024-09-02,"74,400",362,2.72,,,0.3777,0.2843,0.9198,3.1823,3.1371,3.063,3.0912,2.9856,0
2024-09-03,"72,500",359,2.72,,,0.3663,0.2757,0.9197,3.1338,3.133,3.056,3.0883,2.9775,0
2024-09-04,"70,000",347,2.72,,,0.3691,0.2692,0.9112,3.1294,3.0827,3.028,3.039,2.9273,0
2024-09-05,"69,000",346,2.72,,,0.383,0.2926,0.9205,3.1204,3.0898,3.021,3.0197,2.9009,0
2024-09-06,"68,900",342,2.72,,,0.3755,0.2839,0.9154,3.0539,3.0769,3.014,3.0076,2.8764,0
2024-09-09,"67,500",340,2.72,,,0.3641,0.2789,0.9058,3.0821,3.0808,3.01,3.0229,2.8926,0
2024-09-10,"66,200",338,2.72,,,0.3619,0.2714,0.8989,3.0068,3.0226,2.991,2.9553,2.8738,0
2024-09-11,"64,900",336,2.72,,,0.3589,0.2641,0.8937,2.9789,2.9826,2.941,2.9134,2.8163,0
2024-09-12,"66,300",344,2.72,,,0.3564,0.2571,0.8884,2.95,3.014,2.941,2.9468,2.8631,0
2024-09-13,"64,400",344,2.72,,,0.3554,0.2655,0.8913,2.9475,3.0268,2.896,2.8691,2.8197,0
2024-09-19,"63,100",343,2.72,,,0.3628,0.2575,0.8471,2.9368,3.0042,2.898,2.8814,2.8412,0
2024-09-20,"63,000",345,2.72,,,0.3604,0.2498,0.8353,2.9384,3.0043,2.886,2.8581,2.8366,0
2024-09-23,"62,600",346,2.72,,,0.3495,0.2433,0.8298,2.9386,3.0181,2.886,2.8713,2.8632,0
2024-09-24,"63,200",350,2.72,,,0.3402,0.2362,0.8232,2.9037,3.0112,2.88,2.8653,2.8531,0
2024-09-25,"62,200",345,2.72,,,0.3316,0.2335,0.8246,2.8997,2.9966,2.865,2.8208,2.8108,0
2024-09-26,"64,700",356,2.72,,,0.3273,0.233,0.8313,2.8652,2.9703,2.853,2.814,2.8059,0
2024-09-27,"64,200",354,2.72,,,0.3524,0.2567,0.8653,2.8623,2.9431,2.845,2.8294,2.8254,0
2024-09-30,"61,500",345,2.72,,,0.343,0.2499,0.8664,2.8612,2.9648,2.826,2.8123,2.8104,0
2024-10-02,"61,300",341,2.72,,,0.3721,0.2621,0.8869,2.8047,2.9396,2.809,2.7973,2.7789,0
2024-10-04,"60,600",342,2.72,,,0.361,0.2582,0.8787,2.8478,2.9333,2.827,2.851,2.8231,0
2024-10-07,"61,000",347,2.72,,,0.3529,0.2506,0.865,2.859,3.022,2.861,2.9814,2.9603,0
2024-10-08,"60,300",344,2.72,,,0.3431,0.2494,0.8571,2.8781,2.9948,2.852,2.9623,2.9319,0
2024-10-10,"58,900",345,2.72,,,0.3358,0.2441,0.8595,2.9092,2.9572,2.866,2.9836,2.9625,0
2024-10-11,"59,300",345,2.72,,,0.338,0.237,0.814,2.8778,2.9348,2.856,2.9726,2.9474,0
2024-10-14,"60,800",350,2.72,,,0.3287,0.2298,0.8114,2.9193,2.9727,2.857,2.9633,2.9381,0
2024-10-15,"61,000",351,2.72,,,0.3332,0.2297,0.8238,2.9246,2.9543,2.849,2.937,2.9057,0
2024-10-16,"59,500",347,2.72,,,0.3233,0.2229,0.8241,2.9483,2.9442,2.842,2.9077,2.8796,0
2024-10-17,"59,700",348,2.72,,,0.3281,0.2207,0.8308,2.9406,2.948,2.85,2.9147,2.8969,0
2024-10-18,"59,200",345,2.72,,,0.3183,0.2143,0.831,3.0023,3.0047,2.862,2.9306,2.9077,0
2024-10-21,"59,000",347,2.72,,,0.3103,0.2105,0.8326,2.9959,2.982,2.862,2.9205,2.9018,0
2024-10-22,"57,700",342,2.72,,,0.3012,0.2053,0.822,2.995,2.9656,2.879,2.9458,2.9435,0
2024-10-23,"59,100",346,2.72,,,0.3047,0.207,0.836,3.0009,2.9694,2.879,2.9427,2.9363,0
2024-10-24,"56,600",343,2.72,,,0.3097,0.2056,0.8437,2.9717,2.9423,2.853,2.9025,2.891,0
2024-10-25,"55,900",343,2.72,,,0.3441,0.2023,0.8075,2.9653,2.958,2.851,2.8963,2.8818,0
2024-10-28,"58,100",347,2.72,,,0.3372,0.1961,0.7994,2.9768,2.9719,2.873,2.9387,2.9323,0
2024-10-29,"59,600",348,2.72,,,0.3597,0.1953,0.8024,2.9738,2.9594,2.867,2.949,2.9363,0